{
    "version": "1.0.6",
    "changelog": "Major Bug fix.",
    "files": [
        "assets/css/distv1.0.6/more-styles.css",
        "assets/css/distv1.0.6/style.css",
        "backend/version.txt",
        "distv1.0.6/1066.bundle.js",
        "distv1.0.6/1140.bundle.js",
        "distv1.0.6/1278.bundle.js",
        "distv1.0.6/1283.bundle.js",
        "distv1.0.6/1435.bundle.js",
        "distv1.0.6/1652.bundle.js",
        "distv1.0.6/1653.bundle.js",
        "distv1.0.6/1684.bundle.js",
        "distv1.0.6/1684.bundle.js.LICENSE.txt",
        "distv1.0.6/1694.bundle.js",
        "distv1.0.6/1757.bundle.js",
        "distv1.0.6/1817.bundle.js",
        "distv1.0.6/1817.bundle.js.LICENSE.txt",
        "distv1.0.6/1837.bundle.js",
        "distv1.0.6/1837.bundle.js.LICENSE.txt",
        "distv1.0.6/1956.bundle.js",
        "distv1.0.6/2022.bundle.js",
        "distv1.0.6/2170.bundle.js",
        "distv1.0.6/2528.bundle.js",
        "distv1.0.6/2528.bundle.js.LICENSE.txt",
        "distv1.0.6/2551.bundle.js",
        "distv1.0.6/2648.bundle.js",
        "distv1.0.6/2691.bundle.js",
        "distv1.0.6/2718.bundle.js",
        "distv1.0.6/3033.bundle.js",
        "distv1.0.6/3192.bundle.js",
        "distv1.0.6/3192.bundle.js.LICENSE.txt",
        "distv1.0.6/3253.bundle.js",
        "distv1.0.6/3253.bundle.js.LICENSE.txt",
        "distv1.0.6/3284.bundle.js",
        "distv1.0.6/3296.bundle.js",
        "distv1.0.6/3414.bundle.js",
        "distv1.0.6/3414.bundle.js.LICENSE.txt",
        "distv1.0.6/350.bundle.js",
        "distv1.0.6/3633.bundle.js",
        "distv1.0.6/3706.bundle.js",
        "distv1.0.6/3750.bundle.js",
        "distv1.0.6/3782.bundle.js",
        "distv1.0.6/3798.bundle.js",
        "distv1.0.6/380.bundle.js",
        "distv1.0.6/4186.bundle.js",
        "distv1.0.6/4509.bundle.js",
        "distv1.0.6/4587.bundle.js",
        "distv1.0.6/4815.bundle.js",
        "distv1.0.6/4826.bundle.js",
        "distv1.0.6/488.bundle.js",
        "distv1.0.6/488.bundle.js.LICENSE.txt",
        "distv1.0.6/4921.bundle.js",
        "distv1.0.6/4932.bundle.js",
        "distv1.0.6/4932.bundle.js.LICENSE.txt",
        "distv1.0.6/4977.bundle.js",
        "distv1.0.6/5145.bundle.js",
        "distv1.0.6/5165.bundle.js",
        "distv1.0.6/5166.bundle.js",
        "distv1.0.6/5289.bundle.js",
        "distv1.0.6/5301.bundle.js",
        "distv1.0.6/5344.bundle.js",
        "distv1.0.6/5344.bundle.js.LICENSE.txt",
        "distv1.0.6/5410.bundle.js",
        "distv1.0.6/5482.bundle.js",
        "distv1.0.6/5529.bundle.js",
        "distv1.0.6/5529.bundle.js.LICENSE.txt",
        "distv1.0.6/5616.bundle.js",
        "distv1.0.6/5616.bundle.js.LICENSE.txt",
        "distv1.0.6/5692.bundle.js",
        "distv1.0.6/5716.bundle.js",
        "distv1.0.6/5716.bundle.js.LICENSE.txt",
        "distv1.0.6/608.bundle.js",
        "distv1.0.6/6161.bundle.js",
        "distv1.0.6/6183.bundle.js",
        "distv1.0.6/6225.bundle.js",
        "distv1.0.6/6261.bundle.js",
        "distv1.0.6/6402.bundle.js",
        "distv1.0.6/6548.bundle.js",
        "distv1.0.6/667.bundle.js",
        "distv1.0.6/6675.bundle.js",
        "distv1.0.6/6778.bundle.js",
        "distv1.0.6/6778.bundle.js.LICENSE.txt",
        "distv1.0.6/691.bundle.js",
        "distv1.0.6/6984.bundle.js",
        "distv1.0.6/7123.bundle.js",
        "distv1.0.6/7145.bundle.js",
        "distv1.0.6/7206.bundle.js",
        "distv1.0.6/7214.bundle.js",
        "distv1.0.6/725.bundle.js",
        "distv1.0.6/7292.bundle.js",
        "distv1.0.6/7372.bundle.js",
        "distv1.0.6/7372.bundle.js.LICENSE.txt",
        "distv1.0.6/7428.bundle.js",
        "distv1.0.6/7428.bundle.js.LICENSE.txt",
        "distv1.0.6/7483.bundle.js",
        "distv1.0.6/7486.bundle.js",
        "distv1.0.6/7821.bundle.js",
        "distv1.0.6/8348.bundle.js",
        "distv1.0.6/8367.bundle.js",
        "distv1.0.6/8642.bundle.js",
        "distv1.0.6/8642.bundle.js.LICENSE.txt",
        "distv1.0.6/8664.bundle.js",
        "distv1.0.6/8706.bundle.js",
        "distv1.0.6/8747.bundle.js",
        "distv1.0.6/8773.bundle.js",
        "distv1.0.6/8789.bundle.js",
        "distv1.0.6/8797.bundle.js",
        "distv1.0.6/8797.bundle.js.LICENSE.txt",
        "distv1.0.6/8863.bundle.js",
        "distv1.0.6/8890.bundle.js",
        "distv1.0.6/9035.bundle.js",
        "distv1.0.6/9071.bundle.js",
        "distv1.0.6/9089.bundle.js",
        "distv1.0.6/9140.bundle.js",
        "distv1.0.6/9140.bundle.js.LICENSE.txt",
        "distv1.0.6/9179.bundle.js",
        "distv1.0.6/9314.bundle.js",
        "distv1.0.6/9314.bundle.js.LICENSE.txt",
        "distv1.0.6/9649.bundle.js",
        "distv1.0.6/9675.bundle.js",
        "distv1.0.6/972.bundle.js",
        "distv1.0.6/bundle.js",
        "distv1.0.6/bundle.js.LICENSE.txt",
        "service-worker.js"
    ],
    "rename": {
        "assets/css/distv1.0.5/more-styles.css": "assets/css/distv1.0.6/more-styles.css",
        "assets/css/distv1.0.5/style.css": "assets/css/distv1.0.6/style.css"
    },
    "delete": [
        "backend/update_curl.log"
    ],
    "generated_at": "2025-07-28T16:36:29+02:00"
}