{
    "version": "1.0.5",
    "changelog": "Admin Fund/Deduct user balance module added.",
    "files": [
        "assets/css/distv1.0.5/more-styles.css",
        "assets/css/distv1.0.5/style.css",
        "backend/controllers/UserController.php",
        "backend/index.php",
        "backend/routes/admin/balance.php",
        "backend/services/UserService.php",
        "backend/update_curl.log",
        "backend/version.txt",
        "distv1.0.5/1066.bundle.js",
        "distv1.0.5/1140.bundle.js",
        "distv1.0.5/1278.bundle.js",
        "distv1.0.5/1283.bundle.js",
        "distv1.0.5/1435.bundle.js",
        "distv1.0.5/1652.bundle.js",
        "distv1.0.5/1653.bundle.js",
        "distv1.0.5/1684.bundle.js.LICENSE.txt",
        "distv1.0.5/1694.bundle.js",
        "distv1.0.5/1757.bundle.js",
        "distv1.0.5/1817.bundle.js",
        "distv1.0.5/1817.bundle.js.LICENSE.txt",
        "distv1.0.5/1837.bundle.js",
        "distv1.0.5/1837.bundle.js.LICENSE.txt",
        "distv1.0.5/1956.bundle.js",
        "distv1.0.5/2022.bundle.js",
        "distv1.0.5/2170.bundle.js",
        "distv1.0.5/2528.bundle.js",
        "distv1.0.5/2528.bundle.js.LICENSE.txt",
        "distv1.0.5/2551.bundle.js",
        "distv1.0.5/2648.bundle.js",
        "distv1.0.5/2691.bundle.js",
        "distv1.0.5/2718.bundle.js",
        "distv1.0.5/3033.bundle.js",
        "distv1.0.5/3192.bundle.js",
        "distv1.0.5/3192.bundle.js.LICENSE.txt",
        "distv1.0.5/3253.bundle.js",
        "distv1.0.5/3253.bundle.js.LICENSE.txt",
        "distv1.0.5/3284.bundle.js",
        "distv1.0.5/3296.bundle.js",
        "distv1.0.5/3414.bundle.js",
        "distv1.0.5/3414.bundle.js.LICENSE.txt",
        "distv1.0.5/350.bundle.js",
        "distv1.0.5/3633.bundle.js",
        "distv1.0.5/3706.bundle.js",
        "distv1.0.5/3750.bundle.js",
        "distv1.0.5/3782.bundle.js",
        "distv1.0.5/3798.bundle.js",
        "distv1.0.5/380.bundle.js",
        "distv1.0.5/4186.bundle.js",
        "distv1.0.5/4509.bundle.js",
        "distv1.0.5/4587.bundle.js",
        "distv1.0.5/4815.bundle.js",
        "distv1.0.5/4826.bundle.js",
        "distv1.0.5/488.bundle.js.LICENSE.txt",
        "distv1.0.5/4921.bundle.js",
        "distv1.0.5/4932.bundle.js",
        "distv1.0.5/4932.bundle.js.LICENSE.txt",
        "distv1.0.5/4977.bundle.js",
        "distv1.0.5/5145.bundle.js",
        "distv1.0.5/5165.bundle.js",
        "distv1.0.5/5166.bundle.js",
        "distv1.0.5/5289.bundle.js",
        "distv1.0.5/5301.bundle.js",
        "distv1.0.5/5344.bundle.js",
        "distv1.0.5/5344.bundle.js.LICENSE.txt",
        "distv1.0.5/5410.bundle.js",
        "distv1.0.5/5482.bundle.js",
        "distv1.0.5/5529.bundle.js",
        "distv1.0.5/5529.bundle.js.LICENSE.txt",
        "distv1.0.5/5616.bundle.js",
        "distv1.0.5/5616.bundle.js.LICENSE.txt",
        "distv1.0.5/5692.bundle.js",
        "distv1.0.5/5716.bundle.js",
        "distv1.0.5/5716.bundle.js.LICENSE.txt",
        "distv1.0.5/608.bundle.js",
        "distv1.0.5/6161.bundle.js",
        "distv1.0.5/6183.bundle.js",
        "distv1.0.5/6225.bundle.js",
        "distv1.0.5/6261.bundle.js",
        "distv1.0.5/6402.bundle.js",
        "distv1.0.5/6548.bundle.js",
        "distv1.0.5/667.bundle.js",
        "distv1.0.5/6675.bundle.js",
        "distv1.0.5/6778.bundle.js",
        "distv1.0.5/6778.bundle.js.LICENSE.txt",
        "distv1.0.5/691.bundle.js",
        "distv1.0.5/6984.bundle.js",
        "distv1.0.5/7123.bundle.js",
        "distv1.0.5/7145.bundle.js",
        "distv1.0.5/7206.bundle.js",
        "distv1.0.5/7214.bundle.js",
        "distv1.0.5/725.bundle.js",
        "distv1.0.5/7292.bundle.js",
        "distv1.0.5/7372.bundle.js.LICENSE.txt",
        "distv1.0.5/7428.bundle.js",
        "distv1.0.5/7428.bundle.js.LICENSE.txt",
        "distv1.0.5/7483.bundle.js",
        "distv1.0.5/7486.bundle.js",
        "distv1.0.5/7821.bundle.js",
        "distv1.0.5/8348.bundle.js",
        "distv1.0.5/8367.bundle.js",
        "distv1.0.5/8642.bundle.js",
        "distv1.0.5/8642.bundle.js.LICENSE.txt",
        "distv1.0.5/8664.bundle.js",
        "distv1.0.5/8706.bundle.js",
        "distv1.0.5/8747.bundle.js",
        "distv1.0.5/8773.bundle.js",
        "distv1.0.5/8789.bundle.js",
        "distv1.0.5/8797.bundle.js.LICENSE.txt",
        "distv1.0.5/8863.bundle.js",
        "distv1.0.5/8890.bundle.js",
        "distv1.0.5/9035.bundle.js",
        "distv1.0.5/9071.bundle.js",
        "distv1.0.5/9089.bundle.js",
        "distv1.0.5/9140.bundle.js",
        "distv1.0.5/9140.bundle.js.LICENSE.txt",
        "distv1.0.5/9179.bundle.js",
        "distv1.0.5/9314.bundle.js",
        "distv1.0.5/9314.bundle.js.LICENSE.txt",
        "distv1.0.5/9649.bundle.js",
        "distv1.0.5/9675.bundle.js",
        "distv1.0.5/972.bundle.js",
        "distv1.0.5/bundle.js",
        "distv1.0.5/bundle.js.LICENSE.txt",
        "service-worker.js"
    ],
    "rename": {
        "assets/css/distv1.0.4/more-styles.css": "assets/css/distv1.0.5/more-styles.css",
        "assets/css/distv1.0.4/style.css": "assets/css/distv1.0.5/style.css"
    },
    "delete": [],
    "generated_at": "2025-07-28T15:59:31+02:00"
}