{
    "version": "1.8.7",
    "changelog": "Bug fixes",
    "files": [
        "app/assets/css/distv1.8.7/more-styles.css",
        "app/assets/css/distv1.8.7/style.css",
        "app/backend/version.txt",
        "app/distv1.8.7/1066.bundle.js",
        "app/distv1.8.7/1140.bundle.js",
        "app/distv1.8.7/1278.bundle.js",
        "app/distv1.8.7/1283.bundle.js",
        "app/distv1.8.7/1435.bundle.js",
        "app/distv1.8.7/1652.bundle.js",
        "app/distv1.8.7/1653.bundle.js",
        "app/distv1.8.7/1684.bundle.js",
        "app/distv1.8.7/1684.bundle.js.LICENSE.txt",
        "app/distv1.8.7/1694.bundle.js",
        "app/distv1.8.7/1757.bundle.js",
        "app/distv1.8.7/1817.bundle.js",
        "app/distv1.8.7/1817.bundle.js.LICENSE.txt",
        "app/distv1.8.7/1956.bundle.js",
        "app/distv1.8.7/2022.bundle.js",
        "app/distv1.8.7/2170.bundle.js",
        "app/distv1.8.7/2452.bundle.js",
        "app/distv1.8.7/2528.bundle.js",
        "app/distv1.8.7/2528.bundle.js.LICENSE.txt",
        "app/distv1.8.7/2551.bundle.js",
        "app/distv1.8.7/2648.bundle.js",
        "app/distv1.8.7/2691.bundle.js",
        "app/distv1.8.7/2718.bundle.js",
        "app/distv1.8.7/3033.bundle.js",
        "app/distv1.8.7/3192.bundle.js",
        "app/distv1.8.7/3192.bundle.js.LICENSE.txt",
        "app/distv1.8.7/3253.bundle.js",
        "app/distv1.8.7/3253.bundle.js.LICENSE.txt",
        "app/distv1.8.7/3284.bundle.js",
        "app/distv1.8.7/3296.bundle.js",
        "app/distv1.8.7/3414.bundle.js",
        "app/distv1.8.7/3414.bundle.js.LICENSE.txt",
        "app/distv1.8.7/350.bundle.js",
        "app/distv1.8.7/3633.bundle.js",
        "app/distv1.8.7/3706.bundle.js",
        "app/distv1.8.7/3750.bundle.js",
        "app/distv1.8.7/3782.bundle.js",
        "app/distv1.8.7/3798.bundle.js",
        "app/distv1.8.7/380.bundle.js",
        "app/distv1.8.7/4186.bundle.js",
        "app/distv1.8.7/4509.bundle.js",
        "app/distv1.8.7/4565.bundle.js",
        "app/distv1.8.7/4565.bundle.js.LICENSE.txt",
        "app/distv1.8.7/4587.bundle.js",
        "app/distv1.8.7/4815.bundle.js",
        "app/distv1.8.7/4826.bundle.js",
        "app/distv1.8.7/488.bundle.js",
        "app/distv1.8.7/488.bundle.js.LICENSE.txt",
        "app/distv1.8.7/4921.bundle.js",
        "app/distv1.8.7/4932.bundle.js",
        "app/distv1.8.7/4932.bundle.js.LICENSE.txt",
        "app/distv1.8.7/4977.bundle.js",
        "app/distv1.8.7/5145.bundle.js",
        "app/distv1.8.7/5165.bundle.js",
        "app/distv1.8.7/5166.bundle.js",
        "app/distv1.8.7/5289.bundle.js",
        "app/distv1.8.7/5301.bundle.js",
        "app/distv1.8.7/5344.bundle.js",
        "app/distv1.8.7/5344.bundle.js.LICENSE.txt",
        "app/distv1.8.7/5410.bundle.js",
        "app/distv1.8.7/5482.bundle.js",
        "app/distv1.8.7/5529.bundle.js",
        "app/distv1.8.7/5529.bundle.js.LICENSE.txt",
        "app/distv1.8.7/5616.bundle.js",
        "app/distv1.8.7/5616.bundle.js.LICENSE.txt",
        "app/distv1.8.7/5692.bundle.js",
        "app/distv1.8.7/5716.bundle.js",
        "app/distv1.8.7/5716.bundle.js.LICENSE.txt",
        "app/distv1.8.7/608.bundle.js",
        "app/distv1.8.7/6161.bundle.js",
        "app/distv1.8.7/6183.bundle.js",
        "app/distv1.8.7/6225.bundle.js",
        "app/distv1.8.7/6261.bundle.js",
        "app/distv1.8.7/6402.bundle.js",
        "app/distv1.8.7/6548.bundle.js",
        "app/distv1.8.7/667.bundle.js",
        "app/distv1.8.7/6675.bundle.js",
        "app/distv1.8.7/6778.bundle.js",
        "app/distv1.8.7/6778.bundle.js.LICENSE.txt",
        "app/distv1.8.7/691.bundle.js",
        "app/distv1.8.7/6984.bundle.js",
        "app/distv1.8.7/7123.bundle.js",
        "app/distv1.8.7/7145.bundle.js",
        "app/distv1.8.7/7206.bundle.js",
        "app/distv1.8.7/7214.bundle.js",
        "app/distv1.8.7/725.bundle.js",
        "app/distv1.8.7/7372.bundle.js",
        "app/distv1.8.7/7372.bundle.js.LICENSE.txt",
        "app/distv1.8.7/7428.bundle.js",
        "app/distv1.8.7/7428.bundle.js.LICENSE.txt",
        "app/distv1.8.7/7483.bundle.js",
        "app/distv1.8.7/7486.bundle.js",
        "app/distv1.8.7/7821.bundle.js",
        "app/distv1.8.7/8348.bundle.js",
        "app/distv1.8.7/8367.bundle.js",
        "app/distv1.8.7/8642.bundle.js",
        "app/distv1.8.7/8642.bundle.js.LICENSE.txt",
        "app/distv1.8.7/8664.bundle.js",
        "app/distv1.8.7/8706.bundle.js",
        "app/distv1.8.7/8747.bundle.js",
        "app/distv1.8.7/8773.bundle.js",
        "app/distv1.8.7/8789.bundle.js",
        "app/distv1.8.7/8797.bundle.js",
        "app/distv1.8.7/8797.bundle.js.LICENSE.txt",
        "app/distv1.8.7/8863.bundle.js",
        "app/distv1.8.7/8890.bundle.js",
        "app/distv1.8.7/9035.bundle.js",
        "app/distv1.8.7/9071.bundle.js",
        "app/distv1.8.7/9089.bundle.js",
        "app/distv1.8.7/9140.bundle.js",
        "app/distv1.8.7/9140.bundle.js.LICENSE.txt",
        "app/distv1.8.7/9179.bundle.js",
        "app/distv1.8.7/9649.bundle.js",
        "app/distv1.8.7/9675.bundle.js",
        "app/distv1.8.7/972.bundle.js",
        "app/distv1.8.7/bundle.js",
        "app/distv1.8.7/bundle.js.LICENSE.txt",
        "app/service-worker.js"
    ],
    "rename": {},
    "delete": [],
    "generated_at": "2025-09-10T20:14:41+02:00"
}