{
    "version": "1.8.6",
    "changelog": "Withdrawal bug fix",
    "files": [
        "app/assets/css/distv1.8.6/more-styles.css",
        "app/assets/css/distv1.8.6/style.css",
        "app/backend/version.txt",
        "app/distv1.8.6/1066.bundle.js",
        "app/distv1.8.6/1140.bundle.js",
        "app/distv1.8.6/1278.bundle.js",
        "app/distv1.8.6/1283.bundle.js",
        "app/distv1.8.6/1435.bundle.js",
        "app/distv1.8.6/1652.bundle.js",
        "app/distv1.8.6/1653.bundle.js",
        "app/distv1.8.6/1684.bundle.js",
        "app/distv1.8.6/1684.bundle.js.LICENSE.txt",
        "app/distv1.8.6/1694.bundle.js",
        "app/distv1.8.6/1757.bundle.js",
        "app/distv1.8.6/1817.bundle.js",
        "app/distv1.8.6/1817.bundle.js.LICENSE.txt",
        "app/distv1.8.6/1956.bundle.js",
        "app/distv1.8.6/2022.bundle.js",
        "app/distv1.8.6/2170.bundle.js",
        "app/distv1.8.6/2452.bundle.js",
        "app/distv1.8.6/2528.bundle.js",
        "app/distv1.8.6/2528.bundle.js.LICENSE.txt",
        "app/distv1.8.6/2551.bundle.js",
        "app/distv1.8.6/2648.bundle.js",
        "app/distv1.8.6/2691.bundle.js",
        "app/distv1.8.6/2718.bundle.js",
        "app/distv1.8.6/3033.bundle.js",
        "app/distv1.8.6/3192.bundle.js",
        "app/distv1.8.6/3192.bundle.js.LICENSE.txt",
        "app/distv1.8.6/3253.bundle.js",
        "app/distv1.8.6/3253.bundle.js.LICENSE.txt",
        "app/distv1.8.6/3284.bundle.js",
        "app/distv1.8.6/3296.bundle.js",
        "app/distv1.8.6/3414.bundle.js",
        "app/distv1.8.6/3414.bundle.js.LICENSE.txt",
        "app/distv1.8.6/350.bundle.js",
        "app/distv1.8.6/3633.bundle.js",
        "app/distv1.8.6/3706.bundle.js",
        "app/distv1.8.6/3750.bundle.js",
        "app/distv1.8.6/3782.bundle.js",
        "app/distv1.8.6/3798.bundle.js",
        "app/distv1.8.6/380.bundle.js",
        "app/distv1.8.6/4186.bundle.js",
        "app/distv1.8.6/4509.bundle.js",
        "app/distv1.8.6/4565.bundle.js",
        "app/distv1.8.6/4565.bundle.js.LICENSE.txt",
        "app/distv1.8.6/4587.bundle.js",
        "app/distv1.8.6/4815.bundle.js",
        "app/distv1.8.6/4826.bundle.js",
        "app/distv1.8.6/488.bundle.js",
        "app/distv1.8.6/488.bundle.js.LICENSE.txt",
        "app/distv1.8.6/4921.bundle.js",
        "app/distv1.8.6/4932.bundle.js",
        "app/distv1.8.6/4932.bundle.js.LICENSE.txt",
        "app/distv1.8.6/4977.bundle.js",
        "app/distv1.8.6/5145.bundle.js",
        "app/distv1.8.6/5165.bundle.js",
        "app/distv1.8.6/5166.bundle.js",
        "app/distv1.8.6/5289.bundle.js",
        "app/distv1.8.6/5301.bundle.js",
        "app/distv1.8.6/5344.bundle.js",
        "app/distv1.8.6/5344.bundle.js.LICENSE.txt",
        "app/distv1.8.6/5410.bundle.js",
        "app/distv1.8.6/5482.bundle.js",
        "app/distv1.8.6/5529.bundle.js",
        "app/distv1.8.6/5529.bundle.js.LICENSE.txt",
        "app/distv1.8.6/5616.bundle.js",
        "app/distv1.8.6/5616.bundle.js.LICENSE.txt",
        "app/distv1.8.6/5692.bundle.js",
        "app/distv1.8.6/5716.bundle.js",
        "app/distv1.8.6/5716.bundle.js.LICENSE.txt",
        "app/distv1.8.6/608.bundle.js",
        "app/distv1.8.6/6161.bundle.js",
        "app/distv1.8.6/6183.bundle.js",
        "app/distv1.8.6/6225.bundle.js",
        "app/distv1.8.6/6261.bundle.js",
        "app/distv1.8.6/6402.bundle.js",
        "app/distv1.8.6/6548.bundle.js",
        "app/distv1.8.6/667.bundle.js",
        "app/distv1.8.6/6675.bundle.js",
        "app/distv1.8.6/6778.bundle.js",
        "app/distv1.8.6/6778.bundle.js.LICENSE.txt",
        "app/distv1.8.6/691.bundle.js",
        "app/distv1.8.6/6984.bundle.js",
        "app/distv1.8.6/7123.bundle.js",
        "app/distv1.8.6/7145.bundle.js",
        "app/distv1.8.6/7206.bundle.js",
        "app/distv1.8.6/7214.bundle.js",
        "app/distv1.8.6/725.bundle.js",
        "app/distv1.8.6/7372.bundle.js",
        "app/distv1.8.6/7372.bundle.js.LICENSE.txt",
        "app/distv1.8.6/7428.bundle.js",
        "app/distv1.8.6/7428.bundle.js.LICENSE.txt",
        "app/distv1.8.6/7483.bundle.js",
        "app/distv1.8.6/7486.bundle.js",
        "app/distv1.8.6/7821.bundle.js",
        "app/distv1.8.6/8348.bundle.js",
        "app/distv1.8.6/8367.bundle.js",
        "app/distv1.8.6/8642.bundle.js",
        "app/distv1.8.6/8642.bundle.js.LICENSE.txt",
        "app/distv1.8.6/8664.bundle.js",
        "app/distv1.8.6/8706.bundle.js",
        "app/distv1.8.6/8747.bundle.js",
        "app/distv1.8.6/8773.bundle.js",
        "app/distv1.8.6/8789.bundle.js",
        "app/distv1.8.6/8797.bundle.js",
        "app/distv1.8.6/8797.bundle.js.LICENSE.txt",
        "app/distv1.8.6/8863.bundle.js",
        "app/distv1.8.6/8890.bundle.js",
        "app/distv1.8.6/9035.bundle.js",
        "app/distv1.8.6/9071.bundle.js",
        "app/distv1.8.6/9089.bundle.js",
        "app/distv1.8.6/9140.bundle.js",
        "app/distv1.8.6/9140.bundle.js.LICENSE.txt",
        "app/distv1.8.6/9179.bundle.js",
        "app/distv1.8.6/9649.bundle.js",
        "app/distv1.8.6/9675.bundle.js",
        "app/distv1.8.6/972.bundle.js",
        "app/distv1.8.6/bundle.js",
        "app/distv1.8.6/bundle.js.LICENSE.txt",
        "app/service-worker.js"
    ],
    "rename": {
        "app/assets/css/distv1.8.5/more-styles.css": "app/assets/css/distv1.8.6/more-styles.css",
        "app/assets/css/distv1.8.5/style.css": "app/assets/css/distv1.8.6/style.css",
        "app/distv1.8.5/1066.bundle.js": "app/distv1.8.6/1066.bundle.js",
        "app/distv1.8.5/1140.bundle.js": "app/distv1.8.6/1140.bundle.js",
        "app/distv1.8.5/1278.bundle.js": "app/distv1.8.6/1278.bundle.js",
        "app/distv1.8.5/1283.bundle.js": "app/distv1.8.6/1283.bundle.js",
        "app/distv1.8.5/1435.bundle.js": "app/distv1.8.6/1435.bundle.js",
        "app/distv1.8.5/1652.bundle.js": "app/distv1.8.6/1652.bundle.js",
        "app/distv1.8.5/1653.bundle.js": "app/distv1.8.6/1653.bundle.js",
        "app/distv1.8.5/1684.bundle.js": "app/distv1.8.6/1684.bundle.js",
        "app/distv1.8.5/1684.bundle.js.LICENSE.txt": "app/distv1.8.6/1684.bundle.js.LICENSE.txt",
        "app/distv1.8.5/1694.bundle.js": "app/distv1.8.6/1694.bundle.js",
        "app/distv1.8.5/1757.bundle.js": "app/distv1.8.6/1757.bundle.js",
        "app/distv1.8.5/1817.bundle.js": "app/distv1.8.6/1817.bundle.js",
        "app/distv1.8.5/1817.bundle.js.LICENSE.txt": "app/distv1.8.6/1817.bundle.js.LICENSE.txt",
        "app/distv1.8.5/1956.bundle.js": "app/distv1.8.6/1956.bundle.js",
        "app/distv1.8.5/2022.bundle.js": "app/distv1.8.6/2022.bundle.js",
        "app/distv1.8.5/2170.bundle.js": "app/distv1.8.6/2170.bundle.js",
        "app/distv1.8.5/2452.bundle.js": "app/distv1.8.6/2452.bundle.js",
        "app/distv1.8.5/2528.bundle.js": "app/distv1.8.6/2528.bundle.js",
        "app/distv1.8.5/2528.bundle.js.LICENSE.txt": "app/distv1.8.6/2528.bundle.js.LICENSE.txt",
        "app/distv1.8.5/2551.bundle.js": "app/distv1.8.6/2551.bundle.js",
        "app/distv1.8.5/2648.bundle.js": "app/distv1.8.6/2648.bundle.js",
        "app/distv1.8.5/2691.bundle.js": "app/distv1.8.6/2691.bundle.js",
        "app/distv1.8.5/2718.bundle.js": "app/distv1.8.6/2718.bundle.js",
        "app/distv1.8.5/3033.bundle.js": "app/distv1.8.6/3033.bundle.js",
        "app/distv1.8.5/3192.bundle.js": "app/distv1.8.6/3192.bundle.js",
        "app/distv1.8.5/3192.bundle.js.LICENSE.txt": "app/distv1.8.6/3192.bundle.js.LICENSE.txt",
        "app/distv1.8.5/3253.bundle.js": "app/distv1.8.6/3253.bundle.js",
        "app/distv1.8.5/3253.bundle.js.LICENSE.txt": "app/distv1.8.6/3253.bundle.js.LICENSE.txt",
        "app/distv1.8.5/3284.bundle.js": "app/distv1.8.6/3284.bundle.js",
        "app/distv1.8.5/3296.bundle.js": "app/distv1.8.6/3296.bundle.js",
        "app/distv1.8.5/3414.bundle.js": "app/distv1.8.6/3414.bundle.js",
        "app/distv1.8.5/3414.bundle.js.LICENSE.txt": "app/distv1.8.6/3414.bundle.js.LICENSE.txt",
        "app/distv1.8.5/350.bundle.js": "app/distv1.8.6/350.bundle.js",
        "app/distv1.8.5/3633.bundle.js": "app/distv1.8.6/3633.bundle.js",
        "app/distv1.8.5/3706.bundle.js": "app/distv1.8.6/3706.bundle.js",
        "app/distv1.8.5/3750.bundle.js": "app/distv1.8.6/3750.bundle.js",
        "app/distv1.8.5/3782.bundle.js": "app/distv1.8.6/3782.bundle.js",
        "app/distv1.8.5/3798.bundle.js": "app/distv1.8.6/3798.bundle.js",
        "app/distv1.8.5/380.bundle.js": "app/distv1.8.6/380.bundle.js",
        "app/distv1.8.5/4186.bundle.js": "app/distv1.8.6/4186.bundle.js",
        "app/distv1.8.5/4509.bundle.js": "app/distv1.8.6/4509.bundle.js",
        "app/distv1.8.5/4565.bundle.js": "app/distv1.8.6/4565.bundle.js",
        "app/distv1.8.5/4565.bundle.js.LICENSE.txt": "app/distv1.8.6/4565.bundle.js.LICENSE.txt",
        "app/distv1.8.5/4587.bundle.js": "app/distv1.8.6/4587.bundle.js",
        "app/distv1.8.5/4815.bundle.js": "app/distv1.8.6/4815.bundle.js",
        "app/distv1.8.5/4826.bundle.js": "app/distv1.8.6/4826.bundle.js",
        "app/distv1.8.5/488.bundle.js": "app/distv1.8.6/488.bundle.js",
        "app/distv1.8.5/488.bundle.js.LICENSE.txt": "app/distv1.8.6/488.bundle.js.LICENSE.txt",
        "app/distv1.8.5/4921.bundle.js": "app/distv1.8.6/4921.bundle.js",
        "app/distv1.8.5/4932.bundle.js": "app/distv1.8.6/4932.bundle.js",
        "app/distv1.8.5/4932.bundle.js.LICENSE.txt": "app/distv1.8.6/4932.bundle.js.LICENSE.txt",
        "app/distv1.8.5/4977.bundle.js": "app/distv1.8.6/4977.bundle.js",
        "app/distv1.8.5/5145.bundle.js": "app/distv1.8.6/5145.bundle.js",
        "app/distv1.8.5/5165.bundle.js": "app/distv1.8.6/5165.bundle.js",
        "app/distv1.8.5/5166.bundle.js": "app/distv1.8.6/5166.bundle.js",
        "app/distv1.8.5/5289.bundle.js": "app/distv1.8.6/5289.bundle.js",
        "app/distv1.8.5/5301.bundle.js": "app/distv1.8.6/5301.bundle.js",
        "app/distv1.8.5/5344.bundle.js": "app/distv1.8.6/5344.bundle.js",
        "app/distv1.8.5/5344.bundle.js.LICENSE.txt": "app/distv1.8.6/5344.bundle.js.LICENSE.txt",
        "app/distv1.8.5/5410.bundle.js": "app/distv1.8.6/5410.bundle.js",
        "app/distv1.8.5/5482.bundle.js": "app/distv1.8.6/5482.bundle.js",
        "app/distv1.8.5/5529.bundle.js": "app/distv1.8.6/5529.bundle.js",
        "app/distv1.8.5/5529.bundle.js.LICENSE.txt": "app/distv1.8.6/5529.bundle.js.LICENSE.txt",
        "app/distv1.8.5/5616.bundle.js": "app/distv1.8.6/5616.bundle.js",
        "app/distv1.8.5/5616.bundle.js.LICENSE.txt": "app/distv1.8.6/5616.bundle.js.LICENSE.txt",
        "app/distv1.8.5/5692.bundle.js": "app/distv1.8.6/5692.bundle.js",
        "app/distv1.8.5/5716.bundle.js": "app/distv1.8.6/5716.bundle.js",
        "app/distv1.8.5/5716.bundle.js.LICENSE.txt": "app/distv1.8.6/5716.bundle.js.LICENSE.txt",
        "app/distv1.8.5/608.bundle.js": "app/distv1.8.6/608.bundle.js",
        "app/distv1.8.5/6161.bundle.js": "app/distv1.8.6/6161.bundle.js",
        "app/distv1.8.5/6183.bundle.js": "app/distv1.8.6/6183.bundle.js",
        "app/distv1.8.5/6225.bundle.js": "app/distv1.8.6/6225.bundle.js",
        "app/distv1.8.5/6261.bundle.js": "app/distv1.8.6/6261.bundle.js",
        "app/distv1.8.5/6402.bundle.js": "app/distv1.8.6/6402.bundle.js",
        "app/distv1.8.5/6548.bundle.js": "app/distv1.8.6/6548.bundle.js",
        "app/distv1.8.5/667.bundle.js": "app/distv1.8.6/667.bundle.js",
        "app/distv1.8.5/6675.bundle.js": "app/distv1.8.6/6675.bundle.js",
        "app/distv1.8.5/6778.bundle.js": "app/distv1.8.6/6778.bundle.js",
        "app/distv1.8.5/6778.bundle.js.LICENSE.txt": "app/distv1.8.6/6778.bundle.js.LICENSE.txt",
        "app/distv1.8.5/691.bundle.js": "app/distv1.8.6/691.bundle.js",
        "app/distv1.8.5/6984.bundle.js": "app/distv1.8.6/6984.bundle.js",
        "app/distv1.8.5/7123.bundle.js": "app/distv1.8.6/7123.bundle.js",
        "app/distv1.8.5/7145.bundle.js": "app/distv1.8.6/7145.bundle.js",
        "app/distv1.8.5/7206.bundle.js": "app/distv1.8.6/7206.bundle.js",
        "app/distv1.8.5/7214.bundle.js": "app/distv1.8.6/7214.bundle.js",
        "app/distv1.8.5/725.bundle.js": "app/distv1.8.6/725.bundle.js",
        "app/distv1.8.5/7372.bundle.js": "app/distv1.8.6/7372.bundle.js",
        "app/distv1.8.5/7372.bundle.js.LICENSE.txt": "app/distv1.8.6/7372.bundle.js.LICENSE.txt",
        "app/distv1.8.5/7428.bundle.js": "app/distv1.8.6/7428.bundle.js",
        "app/distv1.8.5/7428.bundle.js.LICENSE.txt": "app/distv1.8.6/7428.bundle.js.LICENSE.txt",
        "app/distv1.8.5/7483.bundle.js": "app/distv1.8.6/7483.bundle.js",
        "app/distv1.8.5/7486.bundle.js": "app/distv1.8.6/7486.bundle.js",
        "app/distv1.8.5/7821.bundle.js": "app/distv1.8.6/7821.bundle.js",
        "app/distv1.8.5/8348.bundle.js": "app/distv1.8.6/8348.bundle.js",
        "app/distv1.8.5/8367.bundle.js": "app/distv1.8.6/8367.bundle.js",
        "app/distv1.8.5/8642.bundle.js": "app/distv1.8.6/8642.bundle.js",
        "app/distv1.8.5/8642.bundle.js.LICENSE.txt": "app/distv1.8.6/8642.bundle.js.LICENSE.txt",
        "app/distv1.8.5/8664.bundle.js": "app/distv1.8.6/8664.bundle.js",
        "app/distv1.8.5/8706.bundle.js": "app/distv1.8.6/8706.bundle.js",
        "app/distv1.8.5/8747.bundle.js": "app/distv1.8.6/8747.bundle.js",
        "app/distv1.8.5/8773.bundle.js": "app/distv1.8.6/8773.bundle.js",
        "app/distv1.8.5/8789.bundle.js": "app/distv1.8.6/8789.bundle.js",
        "app/distv1.8.5/8797.bundle.js": "app/distv1.8.6/8797.bundle.js",
        "app/distv1.8.5/8797.bundle.js.LICENSE.txt": "app/distv1.8.6/8797.bundle.js.LICENSE.txt",
        "app/distv1.8.5/8863.bundle.js": "app/distv1.8.6/8863.bundle.js",
        "app/distv1.8.5/8890.bundle.js": "app/distv1.8.6/8890.bundle.js",
        "app/distv1.8.5/9035.bundle.js": "app/distv1.8.6/9035.bundle.js",
        "app/distv1.8.5/9071.bundle.js": "app/distv1.8.6/9071.bundle.js",
        "app/distv1.8.5/9089.bundle.js": "app/distv1.8.6/9089.bundle.js",
        "app/distv1.8.5/9140.bundle.js": "app/distv1.8.6/9140.bundle.js",
        "app/distv1.8.5/9140.bundle.js.LICENSE.txt": "app/distv1.8.6/9140.bundle.js.LICENSE.txt",
        "app/distv1.8.5/9179.bundle.js": "app/distv1.8.6/9179.bundle.js",
        "app/distv1.8.5/9649.bundle.js": "app/distv1.8.6/9649.bundle.js",
        "app/distv1.8.5/9675.bundle.js": "app/distv1.8.6/9675.bundle.js",
        "app/distv1.8.5/972.bundle.js": "app/distv1.8.6/972.bundle.js",
        "app/distv1.8.5/bundle.js": "app/distv1.8.6/bundle.js",
        "app/distv1.8.5/bundle.js.LICENSE.txt": "app/distv1.8.6/bundle.js.LICENSE.txt"
    },
    "delete": [],
    "generated_at": "2025-09-10T15:31:15+02:00"
}