{
    "version": "1.0.2",
    "changelog": "Fixed Platform name issues on install",
    "files": [
        ".gitignore",
        "README.md",
        "backend/cron/cron_update.php",
        "backend/services/InstallService.php",
        "backend/templates/mail.html",
        "backend/version.txt"
    ],
    "rename": {
        "backend/cron/update_investments.php": "backend/cron/cron_update.php"
    },
    "delete": [
        "backend/cache/7cbf02ab5a9eceea85f0f7aa6515126f.json",
        "backend/cache/ec0228ef523645f189e4cf61c8d92015.json",
        "backend/cron/add_stocks_to_database.php",
        "backend/templates/email_logo.png"
    ],
    "generated_at": "2025-07-26T11:46:43+02:00"
}