{
    "version": "1.0.2",
    "changelog": "Fixed Platform name issues on install",
    "files": [
        ".gitignore",
        "README.md",
        "assets/css/distv1.0.2/more-styles.css",
        "assets/css/distv1.0.2/style.css",
        "backend/cron/cron_update.php",
        "backend/services/InstallService.php",
        "backend/services/UpdateService.php",
        "backend/templates/mail.html",
        "backend/version.txt",
        "distv1.0.2/1066.bundle.js",
        "distv1.0.2/1140.bundle.js",
        "distv1.0.2/1278.bundle.js",
        "distv1.0.2/1283.bundle.js",
        "distv1.0.2/1435.bundle.js",
        "distv1.0.2/1652.bundle.js",
        "distv1.0.2/1653.bundle.js",
        "distv1.0.2/1684.bundle.js",
        "distv1.0.2/1684.bundle.js.LICENSE.txt",
        "distv1.0.2/1694.bundle.js",
        "distv1.0.2/1757.bundle.js",
        "distv1.0.2/1817.bundle.js",
        "distv1.0.2/1817.bundle.js.LICENSE.txt",
        "distv1.0.2/1837.bundle.js",
        "distv1.0.2/1837.bundle.js.LICENSE.txt",
        "distv1.0.2/1956.bundle.js",
        "distv1.0.2/2022.bundle.js",
        "distv1.0.2/2170.bundle.js",
        "distv1.0.2/2528.bundle.js",
        "distv1.0.2/2528.bundle.js.LICENSE.txt",
        "distv1.0.2/2551.bundle.js",
        "distv1.0.2/2648.bundle.js",
        "distv1.0.2/2691.bundle.js",
        "distv1.0.2/2718.bundle.js",
        "distv1.0.2/3033.bundle.js",
        "distv1.0.2/3192.bundle.js",
        "distv1.0.2/3192.bundle.js.LICENSE.txt",
        "distv1.0.2/3253.bundle.js",
        "distv1.0.2/3253.bundle.js.LICENSE.txt",
        "distv1.0.2/3284.bundle.js",
        "distv1.0.2/3296.bundle.js",
        "distv1.0.2/3414.bundle.js",
        "distv1.0.2/3414.bundle.js.LICENSE.txt",
        "distv1.0.2/350.bundle.js",
        "distv1.0.2/3633.bundle.js",
        "distv1.0.2/3706.bundle.js",
        "distv1.0.2/3750.bundle.js",
        "distv1.0.2/3782.bundle.js",
        "distv1.0.2/3798.bundle.js",
        "distv1.0.2/380.bundle.js",
        "distv1.0.2/4186.bundle.js",
        "distv1.0.2/4509.bundle.js",
        "distv1.0.2/4587.bundle.js",
        "distv1.0.2/4815.bundle.js",
        "distv1.0.2/4826.bundle.js",
        "distv1.0.2/488.bundle.js",
        "distv1.0.2/488.bundle.js.LICENSE.txt",
        "distv1.0.2/4921.bundle.js",
        "distv1.0.2/4932.bundle.js",
        "distv1.0.2/4932.bundle.js.LICENSE.txt",
        "distv1.0.2/4977.bundle.js",
        "distv1.0.2/5145.bundle.js",
        "distv1.0.2/5165.bundle.js",
        "distv1.0.2/5166.bundle.js",
        "distv1.0.2/5289.bundle.js",
        "distv1.0.2/5301.bundle.js",
        "distv1.0.2/5344.bundle.js",
        "distv1.0.2/5344.bundle.js.LICENSE.txt",
        "distv1.0.2/5410.bundle.js",
        "distv1.0.2/5482.bundle.js",
        "distv1.0.2/5529.bundle.js",
        "distv1.0.2/5529.bundle.js.LICENSE.txt",
        "distv1.0.2/5616.bundle.js",
        "distv1.0.2/5616.bundle.js.LICENSE.txt",
        "distv1.0.2/5692.bundle.js",
        "distv1.0.2/5716.bundle.js",
        "distv1.0.2/5716.bundle.js.LICENSE.txt",
        "distv1.0.2/608.bundle.js",
        "distv1.0.2/6161.bundle.js",
        "distv1.0.2/6183.bundle.js",
        "distv1.0.2/6225.bundle.js",
        "distv1.0.2/6261.bundle.js",
        "distv1.0.2/6318.bundle.js",
        "distv1.0.2/6318.bundle.js.LICENSE.txt",
        "distv1.0.2/6402.bundle.js",
        "distv1.0.2/6548.bundle.js",
        "distv1.0.2/667.bundle.js",
        "distv1.0.2/6675.bundle.js",
        "distv1.0.2/6778.bundle.js",
        "distv1.0.2/6778.bundle.js.LICENSE.txt",
        "distv1.0.2/691.bundle.js",
        "distv1.0.2/6984.bundle.js",
        "distv1.0.2/7123.bundle.js",
        "distv1.0.2/7145.bundle.js",
        "distv1.0.2/7206.bundle.js",
        "distv1.0.2/7214.bundle.js",
        "distv1.0.2/725.bundle.js",
        "distv1.0.2/7292.bundle.js",
        "distv1.0.2/7372.bundle.js",
        "distv1.0.2/7372.bundle.js.LICENSE.txt",
        "distv1.0.2/7428.bundle.js",
        "distv1.0.2/7428.bundle.js.LICENSE.txt",
        "distv1.0.2/7483.bundle.js",
        "distv1.0.2/7486.bundle.js",
        "distv1.0.2/7821.bundle.js",
        "distv1.0.2/8348.bundle.js",
        "distv1.0.2/8367.bundle.js",
        "distv1.0.2/8642.bundle.js",
        "distv1.0.2/8642.bundle.js.LICENSE.txt",
        "distv1.0.2/8664.bundle.js",
        "distv1.0.2/8706.bundle.js",
        "distv1.0.2/8747.bundle.js",
        "distv1.0.2/8773.bundle.js",
        "distv1.0.2/8789.bundle.js",
        "distv1.0.2/8863.bundle.js",
        "distv1.0.2/8890.bundle.js",
        "distv1.0.2/9035.bundle.js",
        "distv1.0.2/9071.bundle.js",
        "distv1.0.2/9089.bundle.js",
        "distv1.0.2/9140.bundle.js",
        "distv1.0.2/9140.bundle.js.LICENSE.txt",
        "distv1.0.2/9179.bundle.js",
        "distv1.0.2/9314.bundle.js",
        "distv1.0.2/9314.bundle.js.LICENSE.txt",
        "distv1.0.2/9649.bundle.js",
        "distv1.0.2/9675.bundle.js",
        "distv1.0.2/bundle.js",
        "distv1.0.2/bundle.js.LICENSE.txt",
        "service-worker.js"
    ],
    "rename": {
        "assets/css/distv1.0.0/more-styles.css": "assets/css/distv1.0.2/more-styles.css",
        "assets/css/distv1.0.0/style.css": "assets/css/distv1.0.2/style.css",
        "backend/cron/update_investments.php": "backend/cron/cron_update.php"
    },
    "delete": [
        "backend/cache/7cbf02ab5a9eceea85f0f7aa6515126f.json",
        "backend/cache/ec0228ef523645f189e4cf61c8d92015.json",
        "backend/cron/add_stocks_to_database.php",
        "backend/error/.gitkeep",
        "backend/.env",
        "backend/templates/email_logo.png"
    ],
    "generated_at": "2025-07-26T14:28:32+02:00"
}