{
    "version": "1.8.2",
    "changelog": "Service Worker improvements",
    "files": [
        "app/assets/css/distv1.8.2/more-styles.css",
        "app/assets/css/distv1.8.2/style.css",
        "app/backend/version.txt",
        "app/distv1.8.2/1066.bundle.js",
        "app/distv1.8.2/1140.bundle.js",
        "app/distv1.8.2/1278.bundle.js",
        "app/distv1.8.2/1283.bundle.js",
        "app/distv1.8.2/1435.bundle.js",
        "app/distv1.8.2/1652.bundle.js",
        "app/distv1.8.2/1653.bundle.js",
        "app/distv1.8.2/1684.bundle.js",
        "app/distv1.8.2/1684.bundle.js.LICENSE.txt",
        "app/distv1.8.2/1694.bundle.js",
        "app/distv1.8.2/1757.bundle.js",
        "app/distv1.8.2/1817.bundle.js",
        "app/distv1.8.2/1817.bundle.js.LICENSE.txt",
        "app/distv1.8.2/1956.bundle.js",
        "app/distv1.8.2/2022.bundle.js",
        "app/distv1.8.2/2170.bundle.js",
        "app/distv1.8.2/2452.bundle.js",
        "app/distv1.8.2/2528.bundle.js",
        "app/distv1.8.2/2528.bundle.js.LICENSE.txt",
        "app/distv1.8.2/2551.bundle.js",
        "app/distv1.8.2/2648.bundle.js",
        "app/distv1.8.2/2691.bundle.js",
        "app/distv1.8.2/2718.bundle.js",
        "app/distv1.8.2/3033.bundle.js",
        "app/distv1.8.2/3192.bundle.js",
        "app/distv1.8.2/3192.bundle.js.LICENSE.txt",
        "app/distv1.8.2/3253.bundle.js",
        "app/distv1.8.2/3253.bundle.js.LICENSE.txt",
        "app/distv1.8.2/3284.bundle.js",
        "app/distv1.8.2/3296.bundle.js",
        "app/distv1.8.2/3414.bundle.js",
        "app/distv1.8.2/3414.bundle.js.LICENSE.txt",
        "app/distv1.8.2/350.bundle.js",
        "app/distv1.8.2/3633.bundle.js",
        "app/distv1.8.2/3706.bundle.js",
        "app/distv1.8.2/3750.bundle.js",
        "app/distv1.8.2/3782.bundle.js",
        "app/distv1.8.2/3798.bundle.js",
        "app/distv1.8.2/380.bundle.js",
        "app/distv1.8.2/4186.bundle.js",
        "app/distv1.8.2/4509.bundle.js",
        "app/distv1.8.2/4565.bundle.js",
        "app/distv1.8.2/4565.bundle.js.LICENSE.txt",
        "app/distv1.8.2/4587.bundle.js",
        "app/distv1.8.2/4815.bundle.js",
        "app/distv1.8.2/4826.bundle.js",
        "app/distv1.8.2/488.bundle.js",
        "app/distv1.8.2/488.bundle.js.LICENSE.txt",
        "app/distv1.8.2/4921.bundle.js",
        "app/distv1.8.2/4932.bundle.js",
        "app/distv1.8.2/4932.bundle.js.LICENSE.txt",
        "app/distv1.8.2/4977.bundle.js",
        "app/distv1.8.2/5145.bundle.js",
        "app/distv1.8.2/5165.bundle.js",
        "app/distv1.8.2/5166.bundle.js",
        "app/distv1.8.2/5289.bundle.js",
        "app/distv1.8.2/5301.bundle.js",
        "app/distv1.8.2/5344.bundle.js",
        "app/distv1.8.2/5344.bundle.js.LICENSE.txt",
        "app/distv1.8.2/5410.bundle.js",
        "app/distv1.8.2/5482.bundle.js",
        "app/distv1.8.2/5529.bundle.js",
        "app/distv1.8.2/5529.bundle.js.LICENSE.txt",
        "app/distv1.8.2/5616.bundle.js",
        "app/distv1.8.2/5616.bundle.js.LICENSE.txt",
        "app/distv1.8.2/5692.bundle.js",
        "app/distv1.8.2/5716.bundle.js",
        "app/distv1.8.2/5716.bundle.js.LICENSE.txt",
        "app/distv1.8.2/608.bundle.js",
        "app/distv1.8.2/6161.bundle.js",
        "app/distv1.8.2/6183.bundle.js",
        "app/distv1.8.2/6225.bundle.js",
        "app/distv1.8.2/6261.bundle.js",
        "app/distv1.8.2/6402.bundle.js",
        "app/distv1.8.2/6548.bundle.js",
        "app/distv1.8.2/667.bundle.js",
        "app/distv1.8.2/6675.bundle.js",
        "app/distv1.8.2/6778.bundle.js",
        "app/distv1.8.2/6778.bundle.js.LICENSE.txt",
        "app/distv1.8.2/691.bundle.js",
        "app/distv1.8.2/6984.bundle.js",
        "app/distv1.8.2/7123.bundle.js",
        "app/distv1.8.2/7145.bundle.js",
        "app/distv1.8.2/7206.bundle.js",
        "app/distv1.8.2/7214.bundle.js",
        "app/distv1.8.2/725.bundle.js",
        "app/distv1.8.2/7372.bundle.js",
        "app/distv1.8.2/7372.bundle.js.LICENSE.txt",
        "app/distv1.8.2/7428.bundle.js",
        "app/distv1.8.2/7428.bundle.js.LICENSE.txt",
        "app/distv1.8.2/7483.bundle.js",
        "app/distv1.8.2/7486.bundle.js",
        "app/distv1.8.2/7821.bundle.js",
        "app/distv1.8.2/8348.bundle.js",
        "app/distv1.8.2/8367.bundle.js",
        "app/distv1.8.2/8642.bundle.js",
        "app/distv1.8.2/8642.bundle.js.LICENSE.txt",
        "app/distv1.8.2/8664.bundle.js",
        "app/distv1.8.2/8706.bundle.js",
        "app/distv1.8.2/8747.bundle.js",
        "app/distv1.8.2/8773.bundle.js",
        "app/distv1.8.2/8789.bundle.js",
        "app/distv1.8.2/8797.bundle.js",
        "app/distv1.8.2/8797.bundle.js.LICENSE.txt",
        "app/distv1.8.2/8863.bundle.js",
        "app/distv1.8.2/8890.bundle.js",
        "app/distv1.8.2/9035.bundle.js",
        "app/distv1.8.2/9071.bundle.js",
        "app/distv1.8.2/9089.bundle.js",
        "app/distv1.8.2/9140.bundle.js",
        "app/distv1.8.2/9140.bundle.js.LICENSE.txt",
        "app/distv1.8.2/9179.bundle.js",
        "app/distv1.8.2/9649.bundle.js",
        "app/distv1.8.2/9675.bundle.js",
        "app/distv1.8.2/972.bundle.js",
        "app/distv1.8.2/bundle.js",
        "app/distv1.8.2/bundle.js.LICENSE.txt",
        "app/service-worker.js"
    ],
    "rename": {
        "app/assets/css/distv1.8.1/more-styles.css": "app/assets/css/distv1.8.2/more-styles.css",
        "app/assets/css/distv1.8.1/style.css": "app/assets/css/distv1.8.2/style.css",
        "app/distv1.8.1/1066.bundle.js": "app/distv1.8.2/1066.bundle.js",
        "app/distv1.8.1/1140.bundle.js": "app/distv1.8.2/1140.bundle.js",
        "app/distv1.8.1/1278.bundle.js": "app/distv1.8.2/1278.bundle.js",
        "app/distv1.8.1/1283.bundle.js": "app/distv1.8.2/1283.bundle.js",
        "app/distv1.8.1/1435.bundle.js": "app/distv1.8.2/1435.bundle.js",
        "app/distv1.8.1/1652.bundle.js": "app/distv1.8.2/1652.bundle.js",
        "app/distv1.8.1/1653.bundle.js": "app/distv1.8.2/1653.bundle.js",
        "app/distv1.8.1/1684.bundle.js": "app/distv1.8.2/1684.bundle.js",
        "app/distv1.8.1/1684.bundle.js.LICENSE.txt": "app/distv1.8.2/1684.bundle.js.LICENSE.txt",
        "app/distv1.8.1/1694.bundle.js": "app/distv1.8.2/1694.bundle.js",
        "app/distv1.8.1/1757.bundle.js": "app/distv1.8.2/1757.bundle.js",
        "app/distv1.8.1/1817.bundle.js": "app/distv1.8.2/1817.bundle.js",
        "app/distv1.8.1/1817.bundle.js.LICENSE.txt": "app/distv1.8.2/1817.bundle.js.LICENSE.txt",
        "app/distv1.8.1/1956.bundle.js": "app/distv1.8.2/1956.bundle.js",
        "app/distv1.8.1/2022.bundle.js": "app/distv1.8.2/2022.bundle.js",
        "app/distv1.8.1/2170.bundle.js": "app/distv1.8.2/2170.bundle.js",
        "app/distv1.8.1/2452.bundle.js": "app/distv1.8.2/2452.bundle.js",
        "app/distv1.8.1/2528.bundle.js": "app/distv1.8.2/2528.bundle.js",
        "app/distv1.8.1/2528.bundle.js.LICENSE.txt": "app/distv1.8.2/2528.bundle.js.LICENSE.txt",
        "app/distv1.8.1/2551.bundle.js": "app/distv1.8.2/2551.bundle.js",
        "app/distv1.8.1/2648.bundle.js": "app/distv1.8.2/2648.bundle.js",
        "app/distv1.8.1/2691.bundle.js": "app/distv1.8.2/2691.bundle.js",
        "app/distv1.8.1/2718.bundle.js": "app/distv1.8.2/2718.bundle.js",
        "app/distv1.8.1/3033.bundle.js": "app/distv1.8.2/3033.bundle.js",
        "app/distv1.8.1/3192.bundle.js": "app/distv1.8.2/3192.bundle.js",
        "app/distv1.8.1/3192.bundle.js.LICENSE.txt": "app/distv1.8.2/3192.bundle.js.LICENSE.txt",
        "app/distv1.8.1/3253.bundle.js": "app/distv1.8.2/3253.bundle.js",
        "app/distv1.8.1/3253.bundle.js.LICENSE.txt": "app/distv1.8.2/3253.bundle.js.LICENSE.txt",
        "app/distv1.8.1/3284.bundle.js": "app/distv1.8.2/3284.bundle.js",
        "app/distv1.8.1/3296.bundle.js": "app/distv1.8.2/3296.bundle.js",
        "app/distv1.8.1/3414.bundle.js": "app/distv1.8.2/3414.bundle.js",
        "app/distv1.8.1/3414.bundle.js.LICENSE.txt": "app/distv1.8.2/3414.bundle.js.LICENSE.txt",
        "app/distv1.8.1/350.bundle.js": "app/distv1.8.2/350.bundle.js",
        "app/distv1.8.1/3633.bundle.js": "app/distv1.8.2/3633.bundle.js",
        "app/distv1.8.1/3706.bundle.js": "app/distv1.8.2/3706.bundle.js",
        "app/distv1.8.1/3750.bundle.js": "app/distv1.8.2/3750.bundle.js",
        "app/distv1.8.1/3782.bundle.js": "app/distv1.8.2/3782.bundle.js",
        "app/distv1.8.1/3798.bundle.js": "app/distv1.8.2/3798.bundle.js",
        "app/distv1.8.1/380.bundle.js": "app/distv1.8.2/380.bundle.js",
        "app/distv1.8.1/4186.bundle.js": "app/distv1.8.2/4186.bundle.js",
        "app/distv1.8.1/4509.bundle.js": "app/distv1.8.2/4509.bundle.js",
        "app/distv1.8.1/4565.bundle.js": "app/distv1.8.2/4565.bundle.js",
        "app/distv1.8.1/4565.bundle.js.LICENSE.txt": "app/distv1.8.2/4565.bundle.js.LICENSE.txt",
        "app/distv1.8.1/4587.bundle.js": "app/distv1.8.2/4587.bundle.js",
        "app/distv1.8.1/4815.bundle.js": "app/distv1.8.2/4815.bundle.js",
        "app/distv1.8.1/4826.bundle.js": "app/distv1.8.2/4826.bundle.js",
        "app/distv1.8.1/488.bundle.js": "app/distv1.8.2/488.bundle.js",
        "app/distv1.8.1/488.bundle.js.LICENSE.txt": "app/distv1.8.2/488.bundle.js.LICENSE.txt",
        "app/distv1.8.1/4921.bundle.js": "app/distv1.8.2/4921.bundle.js",
        "app/distv1.8.1/4932.bundle.js": "app/distv1.8.2/4932.bundle.js",
        "app/distv1.8.1/4932.bundle.js.LICENSE.txt": "app/distv1.8.2/4932.bundle.js.LICENSE.txt",
        "app/distv1.8.1/4977.bundle.js": "app/distv1.8.2/4977.bundle.js",
        "app/distv1.8.1/5145.bundle.js": "app/distv1.8.2/5145.bundle.js",
        "app/distv1.8.1/5165.bundle.js": "app/distv1.8.2/5165.bundle.js",
        "app/distv1.8.1/5166.bundle.js": "app/distv1.8.2/5166.bundle.js",
        "app/distv1.8.1/5289.bundle.js": "app/distv1.8.2/5289.bundle.js",
        "app/distv1.8.1/5301.bundle.js": "app/distv1.8.2/5301.bundle.js",
        "app/distv1.8.1/5344.bundle.js": "app/distv1.8.2/5344.bundle.js",
        "app/distv1.8.1/5344.bundle.js.LICENSE.txt": "app/distv1.8.2/5344.bundle.js.LICENSE.txt",
        "app/distv1.8.1/5410.bundle.js": "app/distv1.8.2/5410.bundle.js",
        "app/distv1.8.1/5482.bundle.js": "app/distv1.8.2/5482.bundle.js",
        "app/distv1.8.1/5529.bundle.js": "app/distv1.8.2/5529.bundle.js",
        "app/distv1.8.1/5529.bundle.js.LICENSE.txt": "app/distv1.8.2/5529.bundle.js.LICENSE.txt",
        "app/distv1.8.1/5616.bundle.js": "app/distv1.8.2/5616.bundle.js",
        "app/distv1.8.1/5616.bundle.js.LICENSE.txt": "app/distv1.8.2/5616.bundle.js.LICENSE.txt",
        "app/distv1.8.1/5692.bundle.js": "app/distv1.8.2/5692.bundle.js",
        "app/distv1.8.1/5716.bundle.js": "app/distv1.8.2/5716.bundle.js",
        "app/distv1.8.1/5716.bundle.js.LICENSE.txt": "app/distv1.8.2/5716.bundle.js.LICENSE.txt",
        "app/distv1.8.1/608.bundle.js": "app/distv1.8.2/608.bundle.js",
        "app/distv1.8.1/6161.bundle.js": "app/distv1.8.2/6161.bundle.js",
        "app/distv1.8.1/6183.bundle.js": "app/distv1.8.2/6183.bundle.js",
        "app/distv1.8.1/6225.bundle.js": "app/distv1.8.2/6225.bundle.js",
        "app/distv1.8.1/6261.bundle.js": "app/distv1.8.2/6261.bundle.js",
        "app/distv1.8.1/6402.bundle.js": "app/distv1.8.2/6402.bundle.js",
        "app/distv1.8.1/6548.bundle.js": "app/distv1.8.2/6548.bundle.js",
        "app/distv1.8.1/667.bundle.js": "app/distv1.8.2/667.bundle.js",
        "app/distv1.8.1/6675.bundle.js": "app/distv1.8.2/6675.bundle.js",
        "app/distv1.8.1/6778.bundle.js": "app/distv1.8.2/6778.bundle.js",
        "app/distv1.8.1/6778.bundle.js.LICENSE.txt": "app/distv1.8.2/6778.bundle.js.LICENSE.txt",
        "app/distv1.8.1/691.bundle.js": "app/distv1.8.2/691.bundle.js",
        "app/distv1.8.1/6984.bundle.js": "app/distv1.8.2/6984.bundle.js",
        "app/distv1.8.1/7123.bundle.js": "app/distv1.8.2/7123.bundle.js",
        "app/distv1.8.1/7145.bundle.js": "app/distv1.8.2/7145.bundle.js",
        "app/distv1.8.1/7206.bundle.js": "app/distv1.8.2/7206.bundle.js",
        "app/distv1.8.1/7214.bundle.js": "app/distv1.8.2/7214.bundle.js",
        "app/distv1.8.1/725.bundle.js": "app/distv1.8.2/725.bundle.js",
        "app/distv1.8.1/7372.bundle.js": "app/distv1.8.2/7372.bundle.js",
        "app/distv1.8.1/7372.bundle.js.LICENSE.txt": "app/distv1.8.2/7372.bundle.js.LICENSE.txt",
        "app/distv1.8.1/7428.bundle.js": "app/distv1.8.2/7428.bundle.js",
        "app/distv1.8.1/7428.bundle.js.LICENSE.txt": "app/distv1.8.2/7428.bundle.js.LICENSE.txt",
        "app/distv1.8.1/7483.bundle.js": "app/distv1.8.2/7483.bundle.js",
        "app/distv1.8.1/7486.bundle.js": "app/distv1.8.2/7486.bundle.js",
        "app/distv1.8.1/7821.bundle.js": "app/distv1.8.2/7821.bundle.js",
        "app/distv1.8.1/8348.bundle.js": "app/distv1.8.2/8348.bundle.js",
        "app/distv1.8.1/8367.bundle.js": "app/distv1.8.2/8367.bundle.js",
        "app/distv1.8.1/8642.bundle.js": "app/distv1.8.2/8642.bundle.js",
        "app/distv1.8.1/8642.bundle.js.LICENSE.txt": "app/distv1.8.2/8642.bundle.js.LICENSE.txt",
        "app/distv1.8.1/8664.bundle.js": "app/distv1.8.2/8664.bundle.js",
        "app/distv1.8.1/8706.bundle.js": "app/distv1.8.2/8706.bundle.js",
        "app/distv1.8.1/8747.bundle.js": "app/distv1.8.2/8747.bundle.js",
        "app/distv1.8.1/8773.bundle.js": "app/distv1.8.2/8773.bundle.js",
        "app/distv1.8.1/8789.bundle.js": "app/distv1.8.2/8789.bundle.js",
        "app/distv1.8.1/8797.bundle.js": "app/distv1.8.2/8797.bundle.js",
        "app/distv1.8.1/8797.bundle.js.LICENSE.txt": "app/distv1.8.2/8797.bundle.js.LICENSE.txt",
        "app/distv1.8.1/8863.bundle.js": "app/distv1.8.2/8863.bundle.js",
        "app/distv1.8.1/8890.bundle.js": "app/distv1.8.2/8890.bundle.js",
        "app/distv1.8.1/9035.bundle.js": "app/distv1.8.2/9035.bundle.js",
        "app/distv1.8.1/9071.bundle.js": "app/distv1.8.2/9071.bundle.js",
        "app/distv1.8.1/9089.bundle.js": "app/distv1.8.2/9089.bundle.js",
        "app/distv1.8.1/9140.bundle.js": "app/distv1.8.2/9140.bundle.js",
        "app/distv1.8.1/9140.bundle.js.LICENSE.txt": "app/distv1.8.2/9140.bundle.js.LICENSE.txt",
        "app/distv1.8.1/9179.bundle.js": "app/distv1.8.2/9179.bundle.js",
        "app/distv1.8.1/9649.bundle.js": "app/distv1.8.2/9649.bundle.js",
        "app/distv1.8.1/9675.bundle.js": "app/distv1.8.2/9675.bundle.js",
        "app/distv1.8.1/972.bundle.js": "app/distv1.8.2/972.bundle.js",
        "app/distv1.8.1/bundle.js": "app/distv1.8.2/bundle.js",
        "app/distv1.8.1/bundle.js.LICENSE.txt": "app/distv1.8.2/bundle.js.LICENSE.txt"
    },
    "delete": [],
    "generated_at": "2025-08-18T22:16:47+02:00"
}