{
    "version": "2.3.0",
    "changelog": "*Bug fixes and improvements",
    "files": [
        "app/assets/css/distv2.3.0/more-styles.css",
        "app/assets/css/distv2.3.0/style.css",
        "app/backend/controllers/UserController.php",
        "app/backend/db/migrations/20251111092345_add_status_to_users_table.php",
        "app/backend/routes/admin/user.php",
        "app/backend/services/UserService.php",
        "app/backend/version.txt",
        "app/distv2.3.0/1066.bundle.js",
        "app/distv2.3.0/1140.bundle.js",
        "app/distv2.3.0/124.bundle.js",
        "app/distv2.3.0/1278.bundle.js",
        "app/distv2.3.0/1283.bundle.js",
        "app/distv2.3.0/1435.bundle.js",
        "app/distv2.3.0/1652.bundle.js",
        "app/distv2.3.0/1653.bundle.js",
        "app/distv2.3.0/1684.bundle.js",
        "app/distv2.3.0/1684.bundle.js.LICENSE.txt",
        "app/distv2.3.0/1694.bundle.js",
        "app/distv2.3.0/1757.bundle.js",
        "app/distv2.3.0/1817.bundle.js",
        "app/distv2.3.0/1817.bundle.js.LICENSE.txt",
        "app/distv2.3.0/1956.bundle.js",
        "app/distv2.3.0/2022.bundle.js",
        "app/distv2.3.0/2452.bundle.js",
        "app/distv2.3.0/2528.bundle.js",
        "app/distv2.3.0/2528.bundle.js.LICENSE.txt",
        "app/distv2.3.0/2551.bundle.js",
        "app/distv2.3.0/2648.bundle.js",
        "app/distv2.3.0/2691.bundle.js",
        "app/distv2.3.0/2718.bundle.js",
        "app/distv2.3.0/3033.bundle.js",
        "app/distv2.3.0/3155.bundle.js",
        "app/distv2.3.0/3192.bundle.js",
        "app/distv2.3.0/3192.bundle.js.LICENSE.txt",
        "app/distv2.3.0/3253.bundle.js",
        "app/distv2.3.0/3253.bundle.js.LICENSE.txt",
        "app/distv2.3.0/3284.bundle.js",
        "app/distv2.3.0/3296.bundle.js",
        "app/distv2.3.0/3414.bundle.js",
        "app/distv2.3.0/3414.bundle.js.LICENSE.txt",
        "app/distv2.3.0/350.bundle.js",
        "app/distv2.3.0/3633.bundle.js",
        "app/distv2.3.0/3706.bundle.js",
        "app/distv2.3.0/3750.bundle.js",
        "app/distv2.3.0/3782.bundle.js",
        "app/distv2.3.0/3798.bundle.js",
        "app/distv2.3.0/380.bundle.js",
        "app/distv2.3.0/4186.bundle.js",
        "app/distv2.3.0/4285.bundle.js",
        "app/distv2.3.0/4509.bundle.js",
        "app/distv2.3.0/4565.bundle.js",
        "app/distv2.3.0/4565.bundle.js.LICENSE.txt",
        "app/distv2.3.0/4587.bundle.js",
        "app/distv2.3.0/4815.bundle.js",
        "app/distv2.3.0/4826.bundle.js",
        "app/distv2.3.0/488.bundle.js",
        "app/distv2.3.0/488.bundle.js.LICENSE.txt",
        "app/distv2.3.0/4921.bundle.js",
        "app/distv2.3.0/4932.bundle.js",
        "app/distv2.3.0/4932.bundle.js.LICENSE.txt",
        "app/distv2.3.0/4977.bundle.js",
        "app/distv2.3.0/5145.bundle.js",
        "app/distv2.3.0/5165.bundle.js",
        "app/distv2.3.0/5166.bundle.js",
        "app/distv2.3.0/5289.bundle.js",
        "app/distv2.3.0/5301.bundle.js",
        "app/distv2.3.0/5344.bundle.js",
        "app/distv2.3.0/5344.bundle.js.LICENSE.txt",
        "app/distv2.3.0/5410.bundle.js",
        "app/distv2.3.0/5482.bundle.js",
        "app/distv2.3.0/5529.bundle.js",
        "app/distv2.3.0/5529.bundle.js.LICENSE.txt",
        "app/distv2.3.0/5616.bundle.js",
        "app/distv2.3.0/5616.bundle.js.LICENSE.txt",
        "app/distv2.3.0/5692.bundle.js",
        "app/distv2.3.0/5716.bundle.js",
        "app/distv2.3.0/5716.bundle.js.LICENSE.txt",
        "app/distv2.3.0/608.bundle.js",
        "app/distv2.3.0/6161.bundle.js",
        "app/distv2.3.0/6183.bundle.js",
        "app/distv2.3.0/6225.bundle.js",
        "app/distv2.3.0/6261.bundle.js",
        "app/distv2.3.0/6402.bundle.js",
        "app/distv2.3.0/6548.bundle.js",
        "app/distv2.3.0/6590.bundle.js",
        "app/distv2.3.0/6590.bundle.js.LICENSE.txt",
        "app/distv2.3.0/667.bundle.js",
        "app/distv2.3.0/6675.bundle.js",
        "app/distv2.3.0/6778.bundle.js",
        "app/distv2.3.0/6778.bundle.js.LICENSE.txt",
        "app/distv2.3.0/691.bundle.js",
        "app/distv2.3.0/6984.bundle.js",
        "app/distv2.3.0/7123.bundle.js",
        "app/distv2.3.0/7145.bundle.js",
        "app/distv2.3.0/7206.bundle.js",
        "app/distv2.3.0/7214.bundle.js",
        "app/distv2.3.0/725.bundle.js",
        "app/distv2.3.0/7372.bundle.js",
        "app/distv2.3.0/7372.bundle.js.LICENSE.txt",
        "app/distv2.3.0/7428.bundle.js",
        "app/distv2.3.0/7428.bundle.js.LICENSE.txt",
        "app/distv2.3.0/7483.bundle.js",
        "app/distv2.3.0/7486.bundle.js",
        "app/distv2.3.0/7821.bundle.js",
        "app/distv2.3.0/7875.bundle.js",
        "app/distv2.3.0/7875.bundle.js.LICENSE.txt",
        "app/distv2.3.0/8069.bundle.js",
        "app/distv2.3.0/8069.bundle.js.LICENSE.txt",
        "app/distv2.3.0/8348.bundle.js",
        "app/distv2.3.0/8367.bundle.js",
        "app/distv2.3.0/8642.bundle.js",
        "app/distv2.3.0/8642.bundle.js.LICENSE.txt",
        "app/distv2.3.0/8664.bundle.js",
        "app/distv2.3.0/8747.bundle.js",
        "app/distv2.3.0/8773.bundle.js",
        "app/distv2.3.0/8789.bundle.js",
        "app/distv2.3.0/8797.bundle.js",
        "app/distv2.3.0/8797.bundle.js.LICENSE.txt",
        "app/distv2.3.0/8863.bundle.js",
        "app/distv2.3.0/8890.bundle.js",
        "app/distv2.3.0/9035.bundle.js",
        "app/distv2.3.0/9071.bundle.js",
        "app/distv2.3.0/9089.bundle.js",
        "app/distv2.3.0/9179.bundle.js",
        "app/distv2.3.0/9649.bundle.js",
        "app/distv2.3.0/9675.bundle.js",
        "app/distv2.3.0/972.bundle.js",
        "app/distv2.3.0/bundle.js",
        "app/distv2.3.0/bundle.js.LICENSE.txt",
        "app/service-worker.js"
    ],
    "rename": {},
    "delete": [],
    "run": [],
    "generated_at": "2025-11-11T10:22:09+01:00"
}