{
    "version": "1.8.8",
    "changelog": "Routine update and improvements.",
    "files": [
        "app/assets/css/distv1.8.8/more-styles.css",
        "app/assets/css/distv1.8.8/style.css",
        "app/backend/version.txt",
        "app/distv1.8.8/1066.bundle.js",
        "app/distv1.8.8/1140.bundle.js",
        "app/distv1.8.8/1278.bundle.js",
        "app/distv1.8.8/1283.bundle.js",
        "app/distv1.8.8/1435.bundle.js",
        "app/distv1.8.8/1652.bundle.js",
        "app/distv1.8.8/1653.bundle.js",
        "app/distv1.8.8/1684.bundle.js",
        "app/distv1.8.8/1684.bundle.js.LICENSE.txt",
        "app/distv1.8.8/1694.bundle.js",
        "app/distv1.8.8/1757.bundle.js",
        "app/distv1.8.8/1817.bundle.js",
        "app/distv1.8.8/1817.bundle.js.LICENSE.txt",
        "app/distv1.8.8/1956.bundle.js",
        "app/distv1.8.8/2022.bundle.js",
        "app/distv1.8.8/2170.bundle.js",
        "app/distv1.8.8/2452.bundle.js",
        "app/distv1.8.8/2528.bundle.js",
        "app/distv1.8.8/2528.bundle.js.LICENSE.txt",
        "app/distv1.8.8/2551.bundle.js",
        "app/distv1.8.8/2648.bundle.js",
        "app/distv1.8.8/2691.bundle.js",
        "app/distv1.8.8/2718.bundle.js",
        "app/distv1.8.8/3033.bundle.js",
        "app/distv1.8.8/3192.bundle.js",
        "app/distv1.8.8/3192.bundle.js.LICENSE.txt",
        "app/distv1.8.8/3253.bundle.js",
        "app/distv1.8.8/3253.bundle.js.LICENSE.txt",
        "app/distv1.8.8/3284.bundle.js",
        "app/distv1.8.8/3296.bundle.js",
        "app/distv1.8.8/3414.bundle.js",
        "app/distv1.8.8/3414.bundle.js.LICENSE.txt",
        "app/distv1.8.8/350.bundle.js",
        "app/distv1.8.8/3633.bundle.js",
        "app/distv1.8.8/3706.bundle.js",
        "app/distv1.8.8/3750.bundle.js",
        "app/distv1.8.8/3782.bundle.js",
        "app/distv1.8.8/3798.bundle.js",
        "app/distv1.8.8/380.bundle.js",
        "app/distv1.8.8/4186.bundle.js",
        "app/distv1.8.8/4509.bundle.js",
        "app/distv1.8.8/4565.bundle.js",
        "app/distv1.8.8/4565.bundle.js.LICENSE.txt",
        "app/distv1.8.8/4587.bundle.js",
        "app/distv1.8.8/4815.bundle.js",
        "app/distv1.8.8/4826.bundle.js",
        "app/distv1.8.8/488.bundle.js",
        "app/distv1.8.8/488.bundle.js.LICENSE.txt",
        "app/distv1.8.8/4921.bundle.js",
        "app/distv1.8.8/4932.bundle.js",
        "app/distv1.8.8/4932.bundle.js.LICENSE.txt",
        "app/distv1.8.8/4977.bundle.js",
        "app/distv1.8.8/5145.bundle.js",
        "app/distv1.8.8/5165.bundle.js",
        "app/distv1.8.8/5166.bundle.js",
        "app/distv1.8.8/5289.bundle.js",
        "app/distv1.8.8/5301.bundle.js",
        "app/distv1.8.8/5344.bundle.js",
        "app/distv1.8.8/5344.bundle.js.LICENSE.txt",
        "app/distv1.8.8/5410.bundle.js",
        "app/distv1.8.8/5482.bundle.js",
        "app/distv1.8.8/5529.bundle.js",
        "app/distv1.8.8/5529.bundle.js.LICENSE.txt",
        "app/distv1.8.8/5616.bundle.js",
        "app/distv1.8.8/5616.bundle.js.LICENSE.txt",
        "app/distv1.8.8/5692.bundle.js",
        "app/distv1.8.8/5716.bundle.js",
        "app/distv1.8.8/5716.bundle.js.LICENSE.txt",
        "app/distv1.8.8/608.bundle.js",
        "app/distv1.8.8/6161.bundle.js",
        "app/distv1.8.8/6183.bundle.js",
        "app/distv1.8.8/6225.bundle.js",
        "app/distv1.8.8/6261.bundle.js",
        "app/distv1.8.8/6402.bundle.js",
        "app/distv1.8.8/6548.bundle.js",
        "app/distv1.8.8/667.bundle.js",
        "app/distv1.8.8/6675.bundle.js",
        "app/distv1.8.8/6778.bundle.js",
        "app/distv1.8.8/6778.bundle.js.LICENSE.txt",
        "app/distv1.8.8/691.bundle.js",
        "app/distv1.8.8/6984.bundle.js",
        "app/distv1.8.8/7123.bundle.js",
        "app/distv1.8.8/7145.bundle.js",
        "app/distv1.8.8/7206.bundle.js",
        "app/distv1.8.8/7214.bundle.js",
        "app/distv1.8.8/725.bundle.js",
        "app/distv1.8.8/7372.bundle.js",
        "app/distv1.8.8/7372.bundle.js.LICENSE.txt",
        "app/distv1.8.8/7428.bundle.js",
        "app/distv1.8.8/7428.bundle.js.LICENSE.txt",
        "app/distv1.8.8/7483.bundle.js",
        "app/distv1.8.8/7486.bundle.js",
        "app/distv1.8.8/7821.bundle.js",
        "app/distv1.8.8/8348.bundle.js",
        "app/distv1.8.8/8367.bundle.js",
        "app/distv1.8.8/8642.bundle.js",
        "app/distv1.8.8/8642.bundle.js.LICENSE.txt",
        "app/distv1.8.8/8664.bundle.js",
        "app/distv1.8.8/8706.bundle.js",
        "app/distv1.8.8/8747.bundle.js",
        "app/distv1.8.8/8773.bundle.js",
        "app/distv1.8.8/8789.bundle.js",
        "app/distv1.8.8/8797.bundle.js",
        "app/distv1.8.8/8797.bundle.js.LICENSE.txt",
        "app/distv1.8.8/8863.bundle.js",
        "app/distv1.8.8/8890.bundle.js",
        "app/distv1.8.8/9035.bundle.js",
        "app/distv1.8.8/9071.bundle.js",
        "app/distv1.8.8/9089.bundle.js",
        "app/distv1.8.8/9140.bundle.js",
        "app/distv1.8.8/9140.bundle.js.LICENSE.txt",
        "app/distv1.8.8/9179.bundle.js",
        "app/distv1.8.8/9649.bundle.js",
        "app/distv1.8.8/9675.bundle.js",
        "app/distv1.8.8/972.bundle.js",
        "app/distv1.8.8/bundle.js",
        "app/distv1.8.8/bundle.js.LICENSE.txt",
        "app/service-worker.js"
    ],
    "rename": {},
    "delete": [
        "app/distv1.8.7/972.bundle.js"
    ],
    "generated_at": "2025-09-10T20:49:28+02:00"
}