{
    "version": "1.0.8",
    "changelog": "Fixed Manage payment bug",
    "files": [
        "assets/css/distv1.0.8/more-styles.css",
        "assets/css/distv1.0.8/style.css",
        "backend/services/ExchangeService.php",
        "backend/version.txt",
        "distv1.0.8/1066.bundle.js",
        "distv1.0.8/1140.bundle.js",
        "distv1.0.8/1278.bundle.js",
        "distv1.0.8/1283.bundle.js",
        "distv1.0.8/1435.bundle.js",
        "distv1.0.8/1652.bundle.js",
        "distv1.0.8/1653.bundle.js",
        "distv1.0.8/1684.bundle.js",
        "distv1.0.8/1684.bundle.js.LICENSE.txt",
        "distv1.0.8/1694.bundle.js",
        "distv1.0.8/1757.bundle.js",
        "distv1.0.8/1817.bundle.js",
        "distv1.0.8/1817.bundle.js.LICENSE.txt",
        "distv1.0.8/1837.bundle.js",
        "distv1.0.8/1837.bundle.js.LICENSE.txt",
        "distv1.0.8/1956.bundle.js",
        "distv1.0.8/2022.bundle.js",
        "distv1.0.8/2170.bundle.js",
        "distv1.0.8/2528.bundle.js",
        "distv1.0.8/2528.bundle.js.LICENSE.txt",
        "distv1.0.8/2551.bundle.js",
        "distv1.0.8/2648.bundle.js",
        "distv1.0.8/2691.bundle.js",
        "distv1.0.8/2718.bundle.js",
        "distv1.0.8/3033.bundle.js",
        "distv1.0.8/3192.bundle.js",
        "distv1.0.8/3192.bundle.js.LICENSE.txt",
        "distv1.0.8/3253.bundle.js",
        "distv1.0.8/3253.bundle.js.LICENSE.txt",
        "distv1.0.8/3284.bundle.js",
        "distv1.0.8/3296.bundle.js",
        "distv1.0.8/3414.bundle.js",
        "distv1.0.8/3414.bundle.js.LICENSE.txt",
        "distv1.0.8/350.bundle.js",
        "distv1.0.8/3633.bundle.js",
        "distv1.0.8/3706.bundle.js",
        "distv1.0.8/3750.bundle.js",
        "distv1.0.8/3782.bundle.js",
        "distv1.0.8/3798.bundle.js",
        "distv1.0.8/380.bundle.js",
        "distv1.0.8/4186.bundle.js",
        "distv1.0.8/4509.bundle.js",
        "distv1.0.8/4587.bundle.js",
        "distv1.0.8/4815.bundle.js",
        "distv1.0.8/4826.bundle.js",
        "distv1.0.8/488.bundle.js",
        "distv1.0.8/488.bundle.js.LICENSE.txt",
        "distv1.0.8/4921.bundle.js",
        "distv1.0.8/4932.bundle.js",
        "distv1.0.8/4932.bundle.js.LICENSE.txt",
        "distv1.0.8/4977.bundle.js",
        "distv1.0.8/5145.bundle.js",
        "distv1.0.8/5165.bundle.js",
        "distv1.0.8/5166.bundle.js",
        "distv1.0.8/5289.bundle.js",
        "distv1.0.8/5301.bundle.js",
        "distv1.0.8/5344.bundle.js",
        "distv1.0.8/5344.bundle.js.LICENSE.txt",
        "distv1.0.8/5410.bundle.js",
        "distv1.0.8/5482.bundle.js",
        "distv1.0.8/5529.bundle.js",
        "distv1.0.8/5529.bundle.js.LICENSE.txt",
        "distv1.0.8/5616.bundle.js",
        "distv1.0.8/5616.bundle.js.LICENSE.txt",
        "distv1.0.8/5692.bundle.js",
        "distv1.0.8/5716.bundle.js.LICENSE.txt",
        "distv1.0.8/608.bundle.js",
        "distv1.0.8/6161.bundle.js",
        "distv1.0.8/6183.bundle.js",
        "distv1.0.8/6225.bundle.js",
        "distv1.0.8/6261.bundle.js",
        "distv1.0.8/6402.bundle.js",
        "distv1.0.8/6548.bundle.js",
        "distv1.0.8/667.bundle.js",
        "distv1.0.8/6675.bundle.js",
        "distv1.0.8/6778.bundle.js",
        "distv1.0.8/6778.bundle.js.LICENSE.txt",
        "distv1.0.8/691.bundle.js",
        "distv1.0.8/7123.bundle.js",
        "distv1.0.8/7145.bundle.js",
        "distv1.0.8/7206.bundle.js",
        "distv1.0.8/7214.bundle.js",
        "distv1.0.8/725.bundle.js",
        "distv1.0.8/7292.bundle.js",
        "distv1.0.8/7372.bundle.js",
        "distv1.0.8/7372.bundle.js.LICENSE.txt",
        "distv1.0.8/7428.bundle.js",
        "distv1.0.8/7428.bundle.js.LICENSE.txt",
        "distv1.0.8/7483.bundle.js",
        "distv1.0.8/7486.bundle.js",
        "distv1.0.8/7821.bundle.js",
        "distv1.0.8/8348.bundle.js",
        "distv1.0.8/8367.bundle.js",
        "distv1.0.8/8642.bundle.js",
        "distv1.0.8/8642.bundle.js.LICENSE.txt",
        "distv1.0.8/8664.bundle.js",
        "distv1.0.8/8706.bundle.js",
        "distv1.0.8/8747.bundle.js",
        "distv1.0.8/8773.bundle.js",
        "distv1.0.8/8789.bundle.js",
        "distv1.0.8/8797.bundle.js.LICENSE.txt",
        "distv1.0.8/8863.bundle.js",
        "distv1.0.8/8890.bundle.js",
        "distv1.0.8/9035.bundle.js",
        "distv1.0.8/9071.bundle.js",
        "distv1.0.8/9089.bundle.js",
        "distv1.0.8/9140.bundle.js",
        "distv1.0.8/9140.bundle.js.LICENSE.txt",
        "distv1.0.8/9179.bundle.js",
        "distv1.0.8/9314.bundle.js",
        "distv1.0.8/9314.bundle.js.LICENSE.txt",
        "distv1.0.8/9649.bundle.js",
        "distv1.0.8/9675.bundle.js",
        "distv1.0.8/972.bundle.js",
        "distv1.0.8/bundle.js.LICENSE.txt",
        "service-worker.js"
    ],
    "rename": {
        "assets/css/distv1.0.7/more-styles.css": "assets/css/distv1.0.8/more-styles.css",
        "assets/css/distv1.0.7/style.css": "assets/css/distv1.0.8/style.css"
    },
    "delete": [],
    "generated_at": "2025-08-01T22:25:16+02:00"
}