{
    "version": "1.8.9",
    "changelog": "Routine update and improvements.",
    "files": [
        "app/assets/css/distv1.8.9/more-styles.css",
        "app/assets/css/distv1.8.9/style.css",
        "app/backend/services/EnvSyncService.php",
        "app/backend/services/UpdateService.php",
        "app/backend/version.txt",
        "app/distv1.8.9/1066.bundle.js",
        "app/distv1.8.9/1140.bundle.js",
        "app/distv1.8.9/1278.bundle.js",
        "app/distv1.8.9/1283.bundle.js",
        "app/distv1.8.9/1435.bundle.js",
        "app/distv1.8.9/1652.bundle.js",
        "app/distv1.8.9/1653.bundle.js",
        "app/distv1.8.9/1684.bundle.js",
        "app/distv1.8.9/1684.bundle.js.LICENSE.txt",
        "app/distv1.8.9/1694.bundle.js",
        "app/distv1.8.9/1757.bundle.js",
        "app/distv1.8.9/1817.bundle.js",
        "app/distv1.8.9/1817.bundle.js.LICENSE.txt",
        "app/distv1.8.9/1956.bundle.js",
        "app/distv1.8.9/2022.bundle.js",
        "app/distv1.8.9/2170.bundle.js",
        "app/distv1.8.9/2452.bundle.js",
        "app/distv1.8.9/2528.bundle.js",
        "app/distv1.8.9/2528.bundle.js.LICENSE.txt",
        "app/distv1.8.9/2551.bundle.js",
        "app/distv1.8.9/2648.bundle.js",
        "app/distv1.8.9/2691.bundle.js",
        "app/distv1.8.9/2718.bundle.js",
        "app/distv1.8.9/3033.bundle.js",
        "app/distv1.8.9/3192.bundle.js",
        "app/distv1.8.9/3192.bundle.js.LICENSE.txt",
        "app/distv1.8.9/3253.bundle.js",
        "app/distv1.8.9/3253.bundle.js.LICENSE.txt",
        "app/distv1.8.9/3284.bundle.js",
        "app/distv1.8.9/3296.bundle.js",
        "app/distv1.8.9/3414.bundle.js",
        "app/distv1.8.9/3414.bundle.js.LICENSE.txt",
        "app/distv1.8.9/350.bundle.js",
        "app/distv1.8.9/3633.bundle.js",
        "app/distv1.8.9/3706.bundle.js",
        "app/distv1.8.9/3750.bundle.js",
        "app/distv1.8.9/3782.bundle.js",
        "app/distv1.8.9/3798.bundle.js",
        "app/distv1.8.9/380.bundle.js",
        "app/distv1.8.9/4186.bundle.js",
        "app/distv1.8.9/4509.bundle.js",
        "app/distv1.8.9/4565.bundle.js",
        "app/distv1.8.9/4565.bundle.js.LICENSE.txt",
        "app/distv1.8.9/4587.bundle.js",
        "app/distv1.8.9/4815.bundle.js",
        "app/distv1.8.9/4826.bundle.js",
        "app/distv1.8.9/488.bundle.js",
        "app/distv1.8.9/488.bundle.js.LICENSE.txt",
        "app/distv1.8.9/4921.bundle.js",
        "app/distv1.8.9/4932.bundle.js",
        "app/distv1.8.9/4932.bundle.js.LICENSE.txt",
        "app/distv1.8.9/4977.bundle.js",
        "app/distv1.8.9/5145.bundle.js",
        "app/distv1.8.9/5165.bundle.js",
        "app/distv1.8.9/5166.bundle.js",
        "app/distv1.8.9/5289.bundle.js",
        "app/distv1.8.9/5301.bundle.js",
        "app/distv1.8.9/5344.bundle.js",
        "app/distv1.8.9/5344.bundle.js.LICENSE.txt",
        "app/distv1.8.9/5410.bundle.js",
        "app/distv1.8.9/5482.bundle.js",
        "app/distv1.8.9/5529.bundle.js",
        "app/distv1.8.9/5529.bundle.js.LICENSE.txt",
        "app/distv1.8.9/5616.bundle.js",
        "app/distv1.8.9/5616.bundle.js.LICENSE.txt",
        "app/distv1.8.9/5692.bundle.js",
        "app/distv1.8.9/5716.bundle.js",
        "app/distv1.8.9/5716.bundle.js.LICENSE.txt",
        "app/distv1.8.9/608.bundle.js",
        "app/distv1.8.9/6161.bundle.js",
        "app/distv1.8.9/6183.bundle.js",
        "app/distv1.8.9/6225.bundle.js",
        "app/distv1.8.9/6261.bundle.js",
        "app/distv1.8.9/6402.bundle.js",
        "app/distv1.8.9/6548.bundle.js",
        "app/distv1.8.9/667.bundle.js",
        "app/distv1.8.9/6675.bundle.js",
        "app/distv1.8.9/6778.bundle.js",
        "app/distv1.8.9/6778.bundle.js.LICENSE.txt",
        "app/distv1.8.9/691.bundle.js",
        "app/distv1.8.9/6984.bundle.js",
        "app/distv1.8.9/7123.bundle.js",
        "app/distv1.8.9/7145.bundle.js",
        "app/distv1.8.9/7206.bundle.js",
        "app/distv1.8.9/7214.bundle.js",
        "app/distv1.8.9/725.bundle.js",
        "app/distv1.8.9/7372.bundle.js",
        "app/distv1.8.9/7372.bundle.js.LICENSE.txt",
        "app/distv1.8.9/7428.bundle.js",
        "app/distv1.8.9/7428.bundle.js.LICENSE.txt",
        "app/distv1.8.9/7483.bundle.js",
        "app/distv1.8.9/7486.bundle.js",
        "app/distv1.8.9/7821.bundle.js",
        "app/distv1.8.9/8348.bundle.js",
        "app/distv1.8.9/8367.bundle.js",
        "app/distv1.8.9/8642.bundle.js",
        "app/distv1.8.9/8642.bundle.js.LICENSE.txt",
        "app/distv1.8.9/8664.bundle.js",
        "app/distv1.8.9/8706.bundle.js",
        "app/distv1.8.9/8747.bundle.js",
        "app/distv1.8.9/8773.bundle.js",
        "app/distv1.8.9/8789.bundle.js",
        "app/distv1.8.9/8797.bundle.js",
        "app/distv1.8.9/8797.bundle.js.LICENSE.txt",
        "app/distv1.8.9/8863.bundle.js",
        "app/distv1.8.9/8890.bundle.js",
        "app/distv1.8.9/9035.bundle.js",
        "app/distv1.8.9/9071.bundle.js",
        "app/distv1.8.9/9089.bundle.js",
        "app/distv1.8.9/9140.bundle.js",
        "app/distv1.8.9/9140.bundle.js.LICENSE.txt",
        "app/distv1.8.9/9179.bundle.js",
        "app/distv1.8.9/9649.bundle.js",
        "app/distv1.8.9/9675.bundle.js",
        "app/distv1.8.9/972.bundle.js",
        "app/distv1.8.9/bundle.js",
        "app/distv1.8.9/bundle.js.LICENSE.txt",
        "app/service-worker.js"
    ],
    "rename": {},
    "delete": [],
    "generated_at": "2025-09-12T23:46:33+02:00"
}