{
    "version": "1.0.3",
    "changelog": "Fixed Missing/broken update",
    "files": [
        "assets/css/distv1.0.3/more-styles.css",
        "assets/css/distv1.0.3/style.css",
        "backend/version.txt",
        "distv1.0.3/1066.bundle.js",
        "distv1.0.3/1140.bundle.js",
        "distv1.0.3/1278.bundle.js",
        "distv1.0.3/1283.bundle.js",
        "distv1.0.3/1435.bundle.js",
        "distv1.0.3/1652.bundle.js",
        "distv1.0.3/1653.bundle.js",
        "distv1.0.3/1684.bundle.js",
        "distv1.0.3/1684.bundle.js.LICENSE.txt",
        "distv1.0.3/1694.bundle.js",
        "distv1.0.3/1757.bundle.js",
        "distv1.0.3/1817.bundle.js",
        "distv1.0.3/1817.bundle.js.LICENSE.txt",
        "distv1.0.3/1837.bundle.js",
        "distv1.0.3/1837.bundle.js.LICENSE.txt",
        "distv1.0.3/1956.bundle.js",
        "distv1.0.3/2022.bundle.js",
        "distv1.0.3/2170.bundle.js",
        "distv1.0.3/2528.bundle.js",
        "distv1.0.3/2528.bundle.js.LICENSE.txt",
        "distv1.0.3/2551.bundle.js",
        "distv1.0.3/2648.bundle.js",
        "distv1.0.3/2691.bundle.js",
        "distv1.0.3/2718.bundle.js",
        "distv1.0.3/3033.bundle.js",
        "distv1.0.3/3192.bundle.js",
        "distv1.0.3/3192.bundle.js.LICENSE.txt",
        "distv1.0.3/3253.bundle.js",
        "distv1.0.3/3253.bundle.js.LICENSE.txt",
        "distv1.0.3/3284.bundle.js",
        "distv1.0.3/3296.bundle.js",
        "distv1.0.3/3414.bundle.js",
        "distv1.0.3/3414.bundle.js.LICENSE.txt",
        "distv1.0.3/350.bundle.js",
        "distv1.0.3/3633.bundle.js",
        "distv1.0.3/3706.bundle.js",
        "distv1.0.3/3750.bundle.js",
        "distv1.0.3/3782.bundle.js",
        "distv1.0.3/3798.bundle.js",
        "distv1.0.3/380.bundle.js",
        "distv1.0.3/4186.bundle.js",
        "distv1.0.3/4509.bundle.js",
        "distv1.0.3/4587.bundle.js",
        "distv1.0.3/4815.bundle.js",
        "distv1.0.3/4826.bundle.js",
        "distv1.0.3/488.bundle.js",
        "distv1.0.3/488.bundle.js.LICENSE.txt",
        "distv1.0.3/4921.bundle.js",
        "distv1.0.3/4932.bundle.js",
        "distv1.0.3/4932.bundle.js.LICENSE.txt",
        "distv1.0.3/4977.bundle.js",
        "distv1.0.3/5145.bundle.js",
        "distv1.0.3/5165.bundle.js",
        "distv1.0.3/5166.bundle.js",
        "distv1.0.3/5289.bundle.js",
        "distv1.0.3/5301.bundle.js",
        "distv1.0.3/5344.bundle.js",
        "distv1.0.3/5344.bundle.js.LICENSE.txt",
        "distv1.0.3/5410.bundle.js",
        "distv1.0.3/5482.bundle.js",
        "distv1.0.3/5529.bundle.js",
        "distv1.0.3/5529.bundle.js.LICENSE.txt",
        "distv1.0.3/5616.bundle.js",
        "distv1.0.3/5616.bundle.js.LICENSE.txt",
        "distv1.0.3/5692.bundle.js",
        "distv1.0.3/5716.bundle.js",
        "distv1.0.3/5716.bundle.js.LICENSE.txt",
        "distv1.0.3/608.bundle.js",
        "distv1.0.3/6161.bundle.js",
        "distv1.0.3/6183.bundle.js",
        "distv1.0.3/6225.bundle.js",
        "distv1.0.3/6261.bundle.js",
        "distv1.0.3/6318.bundle.js",
        "distv1.0.3/6318.bundle.js.LICENSE.txt",
        "distv1.0.3/6402.bundle.js",
        "distv1.0.3/6548.bundle.js",
        "distv1.0.3/667.bundle.js",
        "distv1.0.3/6675.bundle.js",
        "distv1.0.3/6778.bundle.js",
        "distv1.0.3/6778.bundle.js.LICENSE.txt",
        "distv1.0.3/691.bundle.js",
        "distv1.0.3/6984.bundle.js",
        "distv1.0.3/7123.bundle.js",
        "distv1.0.3/7145.bundle.js",
        "distv1.0.3/7206.bundle.js",
        "distv1.0.3/7214.bundle.js",
        "distv1.0.3/725.bundle.js",
        "distv1.0.3/7292.bundle.js",
        "distv1.0.3/7372.bundle.js",
        "distv1.0.3/7372.bundle.js.LICENSE.txt",
        "distv1.0.3/7428.bundle.js",
        "distv1.0.3/7428.bundle.js.LICENSE.txt",
        "distv1.0.3/7483.bundle.js",
        "distv1.0.3/7486.bundle.js",
        "distv1.0.3/7821.bundle.js",
        "distv1.0.3/8348.bundle.js",
        "distv1.0.3/8367.bundle.js",
        "distv1.0.3/8642.bundle.js",
        "distv1.0.3/8642.bundle.js.LICENSE.txt",
        "distv1.0.3/8664.bundle.js",
        "distv1.0.3/8706.bundle.js",
        "distv1.0.3/8747.bundle.js",
        "distv1.0.3/8773.bundle.js",
        "distv1.0.3/8789.bundle.js",
        "distv1.0.3/8863.bundle.js",
        "distv1.0.3/8890.bundle.js",
        "distv1.0.3/9035.bundle.js",
        "distv1.0.3/9071.bundle.js",
        "distv1.0.3/9089.bundle.js",
        "distv1.0.3/9140.bundle.js",
        "distv1.0.3/9140.bundle.js.LICENSE.txt",
        "distv1.0.3/9179.bundle.js",
        "distv1.0.3/9314.bundle.js",
        "distv1.0.3/9314.bundle.js.LICENSE.txt",
        "distv1.0.3/9649.bundle.js",
        "distv1.0.3/9675.bundle.js",
        "distv1.0.3/972.bundle.js",
        "distv1.0.3/bundle.js",
        "distv1.0.3/bundle.js.LICENSE.txt"
    ],
    "rename": {
        "assets/css/distv1.0.2/more-styles.css": "assets/css/distv1.0.3/more-styles.css",
        "assets/css/distv1.0.2/style.css": "assets/css/distv1.0.3/style.css"
    },
    "delete": [],
    "generated_at": "2025-07-26T15:39:18+02:00"
}