{
    "version": "1.1.0",
    "changelog": "Performance Improvement and bug fixes",
    "files": [
        "assets/css/distv1.1.0/more-styles.css",
        "assets/css/distv1.1.0/style.css",
        "backend/db/migrations/20250607140123_create_users_table.php",
        "backend/version.txt",
        "distv1.1.0/1066.bundle.js",
        "distv1.1.0/1140.bundle.js",
        "distv1.1.0/1278.bundle.js",
        "distv1.1.0/1283.bundle.js",
        "distv1.1.0/1435.bundle.js",
        "distv1.1.0/1652.bundle.js",
        "distv1.1.0/1653.bundle.js",
        "distv1.1.0/1684.bundle.js",
        "distv1.1.0/1684.bundle.js.LICENSE.txt",
        "distv1.1.0/1694.bundle.js",
        "distv1.1.0/1757.bundle.js",
        "distv1.1.0/1817.bundle.js",
        "distv1.1.0/1817.bundle.js.LICENSE.txt",
        "distv1.1.0/1837.bundle.js",
        "distv1.1.0/1837.bundle.js.LICENSE.txt",
        "distv1.1.0/1956.bundle.js",
        "distv1.1.0/2022.bundle.js",
        "distv1.1.0/2170.bundle.js",
        "distv1.1.0/2528.bundle.js",
        "distv1.1.0/2528.bundle.js.LICENSE.txt",
        "distv1.1.0/2551.bundle.js",
        "distv1.1.0/2648.bundle.js",
        "distv1.1.0/2691.bundle.js",
        "distv1.1.0/2718.bundle.js",
        "distv1.1.0/3033.bundle.js",
        "distv1.1.0/3192.bundle.js",
        "distv1.1.0/3192.bundle.js.LICENSE.txt",
        "distv1.1.0/3253.bundle.js",
        "distv1.1.0/3253.bundle.js.LICENSE.txt",
        "distv1.1.0/3284.bundle.js",
        "distv1.1.0/3296.bundle.js",
        "distv1.1.0/3414.bundle.js",
        "distv1.1.0/3414.bundle.js.LICENSE.txt",
        "distv1.1.0/350.bundle.js",
        "distv1.1.0/3633.bundle.js",
        "distv1.1.0/3706.bundle.js",
        "distv1.1.0/3750.bundle.js",
        "distv1.1.0/3782.bundle.js",
        "distv1.1.0/3798.bundle.js",
        "distv1.1.0/380.bundle.js",
        "distv1.1.0/4186.bundle.js",
        "distv1.1.0/4509.bundle.js",
        "distv1.1.0/4587.bundle.js",
        "distv1.1.0/4815.bundle.js",
        "distv1.1.0/4826.bundle.js",
        "distv1.1.0/488.bundle.js",
        "distv1.1.0/488.bundle.js.LICENSE.txt",
        "distv1.1.0/4921.bundle.js",
        "distv1.1.0/4932.bundle.js",
        "distv1.1.0/4932.bundle.js.LICENSE.txt",
        "distv1.1.0/4977.bundle.js",
        "distv1.1.0/5145.bundle.js",
        "distv1.1.0/5165.bundle.js",
        "distv1.1.0/5166.bundle.js",
        "distv1.1.0/5289.bundle.js",
        "distv1.1.0/5301.bundle.js",
        "distv1.1.0/5344.bundle.js",
        "distv1.1.0/5344.bundle.js.LICENSE.txt",
        "distv1.1.0/5410.bundle.js",
        "distv1.1.0/5482.bundle.js",
        "distv1.1.0/5529.bundle.js",
        "distv1.1.0/5529.bundle.js.LICENSE.txt",
        "distv1.1.0/5616.bundle.js",
        "distv1.1.0/5616.bundle.js.LICENSE.txt",
        "distv1.1.0/5692.bundle.js",
        "distv1.1.0/5716.bundle.js",
        "distv1.1.0/5716.bundle.js.LICENSE.txt",
        "distv1.1.0/608.bundle.js",
        "distv1.1.0/6161.bundle.js",
        "distv1.1.0/6183.bundle.js",
        "distv1.1.0/6225.bundle.js",
        "distv1.1.0/6261.bundle.js",
        "distv1.1.0/6402.bundle.js",
        "distv1.1.0/6548.bundle.js",
        "distv1.1.0/667.bundle.js",
        "distv1.1.0/6675.bundle.js",
        "distv1.1.0/6778.bundle.js",
        "distv1.1.0/6778.bundle.js.LICENSE.txt",
        "distv1.1.0/691.bundle.js",
        "distv1.1.0/6984.bundle.js",
        "distv1.1.0/7123.bundle.js",
        "distv1.1.0/7145.bundle.js",
        "distv1.1.0/7206.bundle.js",
        "distv1.1.0/7214.bundle.js",
        "distv1.1.0/725.bundle.js",
        "distv1.1.0/7292.bundle.js",
        "distv1.1.0/7372.bundle.js",
        "distv1.1.0/7372.bundle.js.LICENSE.txt",
        "distv1.1.0/7428.bundle.js",
        "distv1.1.0/7428.bundle.js.LICENSE.txt",
        "distv1.1.0/7483.bundle.js",
        "distv1.1.0/7486.bundle.js",
        "distv1.1.0/7821.bundle.js",
        "distv1.1.0/8348.bundle.js",
        "distv1.1.0/8367.bundle.js",
        "distv1.1.0/8642.bundle.js",
        "distv1.1.0/8642.bundle.js.LICENSE.txt",
        "distv1.1.0/8664.bundle.js",
        "distv1.1.0/8706.bundle.js",
        "distv1.1.0/8747.bundle.js",
        "distv1.1.0/8773.bundle.js",
        "distv1.1.0/8789.bundle.js",
        "distv1.1.0/8797.bundle.js",
        "distv1.1.0/8797.bundle.js.LICENSE.txt",
        "distv1.1.0/8863.bundle.js",
        "distv1.1.0/8890.bundle.js",
        "distv1.1.0/9035.bundle.js",
        "distv1.1.0/9071.bundle.js",
        "distv1.1.0/9089.bundle.js",
        "distv1.1.0/9140.bundle.js",
        "distv1.1.0/9140.bundle.js.LICENSE.txt",
        "distv1.1.0/9179.bundle.js",
        "distv1.1.0/9314.bundle.js",
        "distv1.1.0/9314.bundle.js.LICENSE.txt",
        "distv1.1.0/9649.bundle.js",
        "distv1.1.0/9675.bundle.js",
        "distv1.1.0/972.bundle.js",
        "distv1.1.0/bundle.js",
        "distv1.1.0/bundle.js.LICENSE.txt",
        "service-worker.js"
    ],
    "rename": {
        "assets/css/distv1.0.8/more-styles.css": "assets/css/distv1.1.0/more-styles.css",
        "assets/css/distv1.0.8/style.css": "assets/css/distv1.1.0/style.css"
    },
    "delete": [],
    "generated_at": "2025-08-06T00:31:47+02:00"
}