{
    "version": "1.8.4",
    "changelog": "Mailer error fix",
    "files": [
        "app/assets/css/distv1.8.4/more-styles.css",
        "app/assets/css/distv1.8.4/style.css",
        "app/backend/services/MailService.php",
        "app/backend/version.txt",
        "app/distv1.8.4/1066.bundle.js",
        "app/distv1.8.4/1140.bundle.js",
        "app/distv1.8.4/1278.bundle.js",
        "app/distv1.8.4/1283.bundle.js",
        "app/distv1.8.4/1435.bundle.js",
        "app/distv1.8.4/1652.bundle.js",
        "app/distv1.8.4/1653.bundle.js",
        "app/distv1.8.4/1684.bundle.js",
        "app/distv1.8.4/1684.bundle.js.LICENSE.txt",
        "app/distv1.8.4/1694.bundle.js",
        "app/distv1.8.4/1757.bundle.js",
        "app/distv1.8.4/1817.bundle.js",
        "app/distv1.8.4/1817.bundle.js.LICENSE.txt",
        "app/distv1.8.4/1956.bundle.js",
        "app/distv1.8.4/2022.bundle.js",
        "app/distv1.8.4/2170.bundle.js",
        "app/distv1.8.4/2452.bundle.js",
        "app/distv1.8.4/2528.bundle.js",
        "app/distv1.8.4/2528.bundle.js.LICENSE.txt",
        "app/distv1.8.4/2551.bundle.js",
        "app/distv1.8.4/2648.bundle.js",
        "app/distv1.8.4/2691.bundle.js",
        "app/distv1.8.4/2718.bundle.js",
        "app/distv1.8.4/3033.bundle.js",
        "app/distv1.8.4/3192.bundle.js",
        "app/distv1.8.4/3192.bundle.js.LICENSE.txt",
        "app/distv1.8.4/3253.bundle.js",
        "app/distv1.8.4/3253.bundle.js.LICENSE.txt",
        "app/distv1.8.4/3284.bundle.js",
        "app/distv1.8.4/3296.bundle.js",
        "app/distv1.8.4/3414.bundle.js",
        "app/distv1.8.4/3414.bundle.js.LICENSE.txt",
        "app/distv1.8.4/350.bundle.js",
        "app/distv1.8.4/3633.bundle.js",
        "app/distv1.8.4/3706.bundle.js",
        "app/distv1.8.4/3750.bundle.js",
        "app/distv1.8.4/3782.bundle.js",
        "app/distv1.8.4/3798.bundle.js",
        "app/distv1.8.4/380.bundle.js",
        "app/distv1.8.4/4186.bundle.js",
        "app/distv1.8.4/4509.bundle.js",
        "app/distv1.8.4/4565.bundle.js",
        "app/distv1.8.4/4565.bundle.js.LICENSE.txt",
        "app/distv1.8.4/4587.bundle.js",
        "app/distv1.8.4/4815.bundle.js",
        "app/distv1.8.4/4826.bundle.js",
        "app/distv1.8.4/488.bundle.js",
        "app/distv1.8.4/488.bundle.js.LICENSE.txt",
        "app/distv1.8.4/4921.bundle.js",
        "app/distv1.8.4/4932.bundle.js",
        "app/distv1.8.4/4932.bundle.js.LICENSE.txt",
        "app/distv1.8.4/4977.bundle.js",
        "app/distv1.8.4/5145.bundle.js",
        "app/distv1.8.4/5165.bundle.js",
        "app/distv1.8.4/5166.bundle.js",
        "app/distv1.8.4/5289.bundle.js",
        "app/distv1.8.4/5301.bundle.js",
        "app/distv1.8.4/5344.bundle.js",
        "app/distv1.8.4/5344.bundle.js.LICENSE.txt",
        "app/distv1.8.4/5410.bundle.js",
        "app/distv1.8.4/5482.bundle.js",
        "app/distv1.8.4/5529.bundle.js",
        "app/distv1.8.4/5529.bundle.js.LICENSE.txt",
        "app/distv1.8.4/5616.bundle.js",
        "app/distv1.8.4/5616.bundle.js.LICENSE.txt",
        "app/distv1.8.4/5692.bundle.js",
        "app/distv1.8.4/5716.bundle.js",
        "app/distv1.8.4/5716.bundle.js.LICENSE.txt",
        "app/distv1.8.4/608.bundle.js",
        "app/distv1.8.4/6161.bundle.js",
        "app/distv1.8.4/6183.bundle.js",
        "app/distv1.8.4/6225.bundle.js",
        "app/distv1.8.4/6261.bundle.js",
        "app/distv1.8.4/6402.bundle.js",
        "app/distv1.8.4/6548.bundle.js",
        "app/distv1.8.4/667.bundle.js",
        "app/distv1.8.4/6675.bundle.js",
        "app/distv1.8.4/6778.bundle.js",
        "app/distv1.8.4/6778.bundle.js.LICENSE.txt",
        "app/distv1.8.4/691.bundle.js",
        "app/distv1.8.4/6984.bundle.js",
        "app/distv1.8.4/7123.bundle.js",
        "app/distv1.8.4/7145.bundle.js",
        "app/distv1.8.4/7206.bundle.js",
        "app/distv1.8.4/7214.bundle.js",
        "app/distv1.8.4/725.bundle.js",
        "app/distv1.8.4/7372.bundle.js",
        "app/distv1.8.4/7372.bundle.js.LICENSE.txt",
        "app/distv1.8.4/7428.bundle.js",
        "app/distv1.8.4/7428.bundle.js.LICENSE.txt",
        "app/distv1.8.4/7483.bundle.js",
        "app/distv1.8.4/7486.bundle.js",
        "app/distv1.8.4/7821.bundle.js",
        "app/distv1.8.4/8348.bundle.js",
        "app/distv1.8.4/8367.bundle.js",
        "app/distv1.8.4/8642.bundle.js",
        "app/distv1.8.4/8642.bundle.js.LICENSE.txt",
        "app/distv1.8.4/8664.bundle.js",
        "app/distv1.8.4/8706.bundle.js",
        "app/distv1.8.4/8747.bundle.js",
        "app/distv1.8.4/8773.bundle.js",
        "app/distv1.8.4/8789.bundle.js",
        "app/distv1.8.4/8797.bundle.js",
        "app/distv1.8.4/8797.bundle.js.LICENSE.txt",
        "app/distv1.8.4/8863.bundle.js",
        "app/distv1.8.4/8890.bundle.js",
        "app/distv1.8.4/9035.bundle.js",
        "app/distv1.8.4/9071.bundle.js",
        "app/distv1.8.4/9089.bundle.js",
        "app/distv1.8.4/9140.bundle.js",
        "app/distv1.8.4/9140.bundle.js.LICENSE.txt",
        "app/distv1.8.4/9179.bundle.js",
        "app/distv1.8.4/9649.bundle.js",
        "app/distv1.8.4/9675.bundle.js",
        "app/distv1.8.4/972.bundle.js",
        "app/distv1.8.4/bundle.js",
        "app/distv1.8.4/bundle.js.LICENSE.txt",
        "app/service-worker.js"
    ],
    "rename": {
        "app/assets/css/distv1.8.3/more-styles.css": "app/assets/css/distv1.8.4/more-styles.css",
        "app/assets/css/distv1.8.3/style.css": "app/assets/css/distv1.8.4/style.css",
        "app/distv1.8.3/1066.bundle.js": "app/distv1.8.4/1066.bundle.js",
        "app/distv1.8.3/1140.bundle.js": "app/distv1.8.4/1140.bundle.js",
        "app/distv1.8.3/1278.bundle.js": "app/distv1.8.4/1278.bundle.js",
        "app/distv1.8.3/1283.bundle.js": "app/distv1.8.4/1283.bundle.js",
        "app/distv1.8.3/1435.bundle.js": "app/distv1.8.4/1435.bundle.js",
        "app/distv1.8.3/1652.bundle.js": "app/distv1.8.4/1652.bundle.js",
        "app/distv1.8.3/1653.bundle.js": "app/distv1.8.4/1653.bundle.js",
        "app/distv1.8.3/1684.bundle.js": "app/distv1.8.4/1684.bundle.js",
        "app/distv1.8.3/1684.bundle.js.LICENSE.txt": "app/distv1.8.4/1684.bundle.js.LICENSE.txt",
        "app/distv1.8.3/1694.bundle.js": "app/distv1.8.4/1694.bundle.js",
        "app/distv1.8.3/1757.bundle.js": "app/distv1.8.4/1757.bundle.js",
        "app/distv1.8.3/1817.bundle.js": "app/distv1.8.4/1817.bundle.js",
        "app/distv1.8.3/1817.bundle.js.LICENSE.txt": "app/distv1.8.4/1817.bundle.js.LICENSE.txt",
        "app/distv1.8.3/1956.bundle.js": "app/distv1.8.4/1956.bundle.js",
        "app/distv1.8.3/2022.bundle.js": "app/distv1.8.4/2022.bundle.js",
        "app/distv1.8.3/2170.bundle.js": "app/distv1.8.4/2170.bundle.js",
        "app/distv1.8.3/2452.bundle.js": "app/distv1.8.4/2452.bundle.js",
        "app/distv1.8.3/2528.bundle.js": "app/distv1.8.4/2528.bundle.js",
        "app/distv1.8.3/2528.bundle.js.LICENSE.txt": "app/distv1.8.4/2528.bundle.js.LICENSE.txt",
        "app/distv1.8.3/2551.bundle.js": "app/distv1.8.4/2551.bundle.js",
        "app/distv1.8.3/2648.bundle.js": "app/distv1.8.4/2648.bundle.js",
        "app/distv1.8.3/2691.bundle.js": "app/distv1.8.4/2691.bundle.js",
        "app/distv1.8.3/2718.bundle.js": "app/distv1.8.4/2718.bundle.js",
        "app/distv1.8.3/3033.bundle.js": "app/distv1.8.4/3033.bundle.js",
        "app/distv1.8.3/3192.bundle.js": "app/distv1.8.4/3192.bundle.js",
        "app/distv1.8.3/3192.bundle.js.LICENSE.txt": "app/distv1.8.4/3192.bundle.js.LICENSE.txt",
        "app/distv1.8.3/3253.bundle.js": "app/distv1.8.4/3253.bundle.js",
        "app/distv1.8.3/3253.bundle.js.LICENSE.txt": "app/distv1.8.4/3253.bundle.js.LICENSE.txt",
        "app/distv1.8.3/3284.bundle.js": "app/distv1.8.4/3284.bundle.js",
        "app/distv1.8.3/3296.bundle.js": "app/distv1.8.4/3296.bundle.js",
        "app/distv1.8.3/3414.bundle.js": "app/distv1.8.4/3414.bundle.js",
        "app/distv1.8.3/3414.bundle.js.LICENSE.txt": "app/distv1.8.4/3414.bundle.js.LICENSE.txt",
        "app/distv1.8.3/350.bundle.js": "app/distv1.8.4/350.bundle.js",
        "app/distv1.8.3/3633.bundle.js": "app/distv1.8.4/3633.bundle.js",
        "app/distv1.8.3/3706.bundle.js": "app/distv1.8.4/3706.bundle.js",
        "app/distv1.8.3/3750.bundle.js": "app/distv1.8.4/3750.bundle.js",
        "app/distv1.8.3/3782.bundle.js": "app/distv1.8.4/3782.bundle.js",
        "app/distv1.8.3/3798.bundle.js": "app/distv1.8.4/3798.bundle.js",
        "app/distv1.8.3/380.bundle.js": "app/distv1.8.4/380.bundle.js",
        "app/distv1.8.3/4186.bundle.js": "app/distv1.8.4/4186.bundle.js",
        "app/distv1.8.3/4509.bundle.js": "app/distv1.8.4/4509.bundle.js",
        "app/distv1.8.3/4565.bundle.js": "app/distv1.8.4/4565.bundle.js",
        "app/distv1.8.3/4565.bundle.js.LICENSE.txt": "app/distv1.8.4/4565.bundle.js.LICENSE.txt",
        "app/distv1.8.3/4587.bundle.js": "app/distv1.8.4/4587.bundle.js",
        "app/distv1.8.3/4815.bundle.js": "app/distv1.8.4/4815.bundle.js",
        "app/distv1.8.3/4826.bundle.js": "app/distv1.8.4/4826.bundle.js",
        "app/distv1.8.3/488.bundle.js": "app/distv1.8.4/488.bundle.js",
        "app/distv1.8.3/488.bundle.js.LICENSE.txt": "app/distv1.8.4/488.bundle.js.LICENSE.txt",
        "app/distv1.8.3/4921.bundle.js": "app/distv1.8.4/4921.bundle.js",
        "app/distv1.8.3/4932.bundle.js": "app/distv1.8.4/4932.bundle.js",
        "app/distv1.8.3/4932.bundle.js.LICENSE.txt": "app/distv1.8.4/4932.bundle.js.LICENSE.txt",
        "app/distv1.8.3/4977.bundle.js": "app/distv1.8.4/4977.bundle.js",
        "app/distv1.8.3/5145.bundle.js": "app/distv1.8.4/5145.bundle.js",
        "app/distv1.8.3/5165.bundle.js": "app/distv1.8.4/5165.bundle.js",
        "app/distv1.8.3/5166.bundle.js": "app/distv1.8.4/5166.bundle.js",
        "app/distv1.8.3/5289.bundle.js": "app/distv1.8.4/5289.bundle.js",
        "app/distv1.8.3/5301.bundle.js": "app/distv1.8.4/5301.bundle.js",
        "app/distv1.8.3/5344.bundle.js": "app/distv1.8.4/5344.bundle.js",
        "app/distv1.8.3/5344.bundle.js.LICENSE.txt": "app/distv1.8.4/5344.bundle.js.LICENSE.txt",
        "app/distv1.8.3/5410.bundle.js": "app/distv1.8.4/5410.bundle.js",
        "app/distv1.8.3/5482.bundle.js": "app/distv1.8.4/5482.bundle.js",
        "app/distv1.8.3/5529.bundle.js": "app/distv1.8.4/5529.bundle.js",
        "app/distv1.8.3/5529.bundle.js.LICENSE.txt": "app/distv1.8.4/5529.bundle.js.LICENSE.txt",
        "app/distv1.8.3/5616.bundle.js": "app/distv1.8.4/5616.bundle.js",
        "app/distv1.8.3/5616.bundle.js.LICENSE.txt": "app/distv1.8.4/5616.bundle.js.LICENSE.txt",
        "app/distv1.8.3/5692.bundle.js": "app/distv1.8.4/5692.bundle.js",
        "app/distv1.8.3/5716.bundle.js": "app/distv1.8.4/5716.bundle.js",
        "app/distv1.8.3/5716.bundle.js.LICENSE.txt": "app/distv1.8.4/5716.bundle.js.LICENSE.txt",
        "app/distv1.8.3/608.bundle.js": "app/distv1.8.4/608.bundle.js",
        "app/distv1.8.3/6161.bundle.js": "app/distv1.8.4/6161.bundle.js",
        "app/distv1.8.3/6183.bundle.js": "app/distv1.8.4/6183.bundle.js",
        "app/distv1.8.3/6225.bundle.js": "app/distv1.8.4/6225.bundle.js",
        "app/distv1.8.3/6261.bundle.js": "app/distv1.8.4/6261.bundle.js",
        "app/distv1.8.3/6402.bundle.js": "app/distv1.8.4/6402.bundle.js",
        "app/distv1.8.3/6548.bundle.js": "app/distv1.8.4/6548.bundle.js",
        "app/distv1.8.3/667.bundle.js": "app/distv1.8.4/667.bundle.js",
        "app/distv1.8.3/6675.bundle.js": "app/distv1.8.4/6675.bundle.js",
        "app/distv1.8.3/6778.bundle.js": "app/distv1.8.4/6778.bundle.js",
        "app/distv1.8.3/6778.bundle.js.LICENSE.txt": "app/distv1.8.4/6778.bundle.js.LICENSE.txt",
        "app/distv1.8.3/691.bundle.js": "app/distv1.8.4/691.bundle.js",
        "app/distv1.8.3/6984.bundle.js": "app/distv1.8.4/6984.bundle.js",
        "app/distv1.8.3/7123.bundle.js": "app/distv1.8.4/7123.bundle.js",
        "app/distv1.8.3/7145.bundle.js": "app/distv1.8.4/7145.bundle.js",
        "app/distv1.8.3/7206.bundle.js": "app/distv1.8.4/7206.bundle.js",
        "app/distv1.8.3/7214.bundle.js": "app/distv1.8.4/7214.bundle.js",
        "app/distv1.8.3/725.bundle.js": "app/distv1.8.4/725.bundle.js",
        "app/distv1.8.3/7372.bundle.js": "app/distv1.8.4/7372.bundle.js",
        "app/distv1.8.3/7372.bundle.js.LICENSE.txt": "app/distv1.8.4/7372.bundle.js.LICENSE.txt",
        "app/distv1.8.3/7428.bundle.js": "app/distv1.8.4/7428.bundle.js",
        "app/distv1.8.3/7428.bundle.js.LICENSE.txt": "app/distv1.8.4/7428.bundle.js.LICENSE.txt",
        "app/distv1.8.3/7483.bundle.js": "app/distv1.8.4/7483.bundle.js",
        "app/distv1.8.3/7486.bundle.js": "app/distv1.8.4/7486.bundle.js",
        "app/distv1.8.3/7821.bundle.js": "app/distv1.8.4/7821.bundle.js",
        "app/distv1.8.3/8348.bundle.js": "app/distv1.8.4/8348.bundle.js",
        "app/distv1.8.3/8367.bundle.js": "app/distv1.8.4/8367.bundle.js",
        "app/distv1.8.3/8642.bundle.js": "app/distv1.8.4/8642.bundle.js",
        "app/distv1.8.3/8642.bundle.js.LICENSE.txt": "app/distv1.8.4/8642.bundle.js.LICENSE.txt",
        "app/distv1.8.3/8664.bundle.js": "app/distv1.8.4/8664.bundle.js",
        "app/distv1.8.3/8706.bundle.js": "app/distv1.8.4/8706.bundle.js",
        "app/distv1.8.3/8747.bundle.js": "app/distv1.8.4/8747.bundle.js",
        "app/distv1.8.3/8773.bundle.js": "app/distv1.8.4/8773.bundle.js",
        "app/distv1.8.3/8789.bundle.js": "app/distv1.8.4/8789.bundle.js",
        "app/distv1.8.3/8797.bundle.js": "app/distv1.8.4/8797.bundle.js",
        "app/distv1.8.3/8797.bundle.js.LICENSE.txt": "app/distv1.8.4/8797.bundle.js.LICENSE.txt",
        "app/distv1.8.3/8863.bundle.js": "app/distv1.8.4/8863.bundle.js",
        "app/distv1.8.3/8890.bundle.js": "app/distv1.8.4/8890.bundle.js",
        "app/distv1.8.3/9035.bundle.js": "app/distv1.8.4/9035.bundle.js",
        "app/distv1.8.3/9071.bundle.js": "app/distv1.8.4/9071.bundle.js",
        "app/distv1.8.3/9089.bundle.js": "app/distv1.8.4/9089.bundle.js",
        "app/distv1.8.3/9140.bundle.js": "app/distv1.8.4/9140.bundle.js",
        "app/distv1.8.3/9140.bundle.js.LICENSE.txt": "app/distv1.8.4/9140.bundle.js.LICENSE.txt",
        "app/distv1.8.3/9179.bundle.js": "app/distv1.8.4/9179.bundle.js",
        "app/distv1.8.3/9649.bundle.js": "app/distv1.8.4/9649.bundle.js",
        "app/distv1.8.3/9675.bundle.js": "app/distv1.8.4/9675.bundle.js",
        "app/distv1.8.3/972.bundle.js": "app/distv1.8.4/972.bundle.js",
        "app/distv1.8.3/bundle.js": "app/distv1.8.4/bundle.js",
        "app/distv1.8.3/bundle.js.LICENSE.txt": "app/distv1.8.4/bundle.js.LICENSE.txt"
    },
    "delete": [],
    "generated_at": "2025-08-19T11:46:24+02:00"
}