{
    "version": "1.8.5",
    "changelog": "Withdrawal bug fix",
    "files": [
        "app/assets/css/distv1.8.5/more-styles.css",
        "app/assets/css/distv1.8.5/style.css",
        "app/backend/version.txt",
        "app/distv1.8.5/1066.bundle.js",
        "app/distv1.8.5/1140.bundle.js",
        "app/distv1.8.5/1278.bundle.js",
        "app/distv1.8.5/1283.bundle.js",
        "app/distv1.8.5/1435.bundle.js",
        "app/distv1.8.5/1652.bundle.js",
        "app/distv1.8.5/1653.bundle.js",
        "app/distv1.8.5/1684.bundle.js",
        "app/distv1.8.5/1684.bundle.js.LICENSE.txt",
        "app/distv1.8.5/1694.bundle.js",
        "app/distv1.8.5/1757.bundle.js",
        "app/distv1.8.5/1817.bundle.js",
        "app/distv1.8.5/1817.bundle.js.LICENSE.txt",
        "app/distv1.8.5/1956.bundle.js",
        "app/distv1.8.5/2022.bundle.js",
        "app/distv1.8.5/2170.bundle.js",
        "app/distv1.8.5/2452.bundle.js",
        "app/distv1.8.5/2528.bundle.js",
        "app/distv1.8.5/2528.bundle.js.LICENSE.txt",
        "app/distv1.8.5/2551.bundle.js",
        "app/distv1.8.5/2648.bundle.js",
        "app/distv1.8.5/2691.bundle.js",
        "app/distv1.8.5/2718.bundle.js",
        "app/distv1.8.5/3033.bundle.js",
        "app/distv1.8.5/3192.bundle.js",
        "app/distv1.8.5/3192.bundle.js.LICENSE.txt",
        "app/distv1.8.5/3253.bundle.js",
        "app/distv1.8.5/3253.bundle.js.LICENSE.txt",
        "app/distv1.8.5/3284.bundle.js",
        "app/distv1.8.5/3296.bundle.js",
        "app/distv1.8.5/3414.bundle.js",
        "app/distv1.8.5/3414.bundle.js.LICENSE.txt",
        "app/distv1.8.5/350.bundle.js",
        "app/distv1.8.5/3633.bundle.js",
        "app/distv1.8.5/3706.bundle.js",
        "app/distv1.8.5/3750.bundle.js",
        "app/distv1.8.5/3782.bundle.js",
        "app/distv1.8.5/3798.bundle.js",
        "app/distv1.8.5/380.bundle.js",
        "app/distv1.8.5/4186.bundle.js",
        "app/distv1.8.5/4509.bundle.js",
        "app/distv1.8.5/4565.bundle.js",
        "app/distv1.8.5/4565.bundle.js.LICENSE.txt",
        "app/distv1.8.5/4587.bundle.js",
        "app/distv1.8.5/4815.bundle.js",
        "app/distv1.8.5/4826.bundle.js",
        "app/distv1.8.5/488.bundle.js",
        "app/distv1.8.5/488.bundle.js.LICENSE.txt",
        "app/distv1.8.5/4921.bundle.js",
        "app/distv1.8.5/4932.bundle.js",
        "app/distv1.8.5/4932.bundle.js.LICENSE.txt",
        "app/distv1.8.5/4977.bundle.js",
        "app/distv1.8.5/5145.bundle.js",
        "app/distv1.8.5/5165.bundle.js",
        "app/distv1.8.5/5166.bundle.js",
        "app/distv1.8.5/5289.bundle.js",
        "app/distv1.8.5/5301.bundle.js",
        "app/distv1.8.5/5344.bundle.js",
        "app/distv1.8.5/5344.bundle.js.LICENSE.txt",
        "app/distv1.8.5/5410.bundle.js",
        "app/distv1.8.5/5482.bundle.js",
        "app/distv1.8.5/5529.bundle.js",
        "app/distv1.8.5/5529.bundle.js.LICENSE.txt",
        "app/distv1.8.5/5616.bundle.js",
        "app/distv1.8.5/5616.bundle.js.LICENSE.txt",
        "app/distv1.8.5/5692.bundle.js",
        "app/distv1.8.5/5716.bundle.js",
        "app/distv1.8.5/5716.bundle.js.LICENSE.txt",
        "app/distv1.8.5/608.bundle.js",
        "app/distv1.8.5/6161.bundle.js",
        "app/distv1.8.5/6183.bundle.js",
        "app/distv1.8.5/6225.bundle.js",
        "app/distv1.8.5/6261.bundle.js",
        "app/distv1.8.5/6402.bundle.js",
        "app/distv1.8.5/6548.bundle.js",
        "app/distv1.8.5/667.bundle.js",
        "app/distv1.8.5/6675.bundle.js",
        "app/distv1.8.5/6778.bundle.js",
        "app/distv1.8.5/6778.bundle.js.LICENSE.txt",
        "app/distv1.8.5/691.bundle.js",
        "app/distv1.8.5/6984.bundle.js",
        "app/distv1.8.5/7123.bundle.js",
        "app/distv1.8.5/7145.bundle.js",
        "app/distv1.8.5/7206.bundle.js",
        "app/distv1.8.5/7214.bundle.js",
        "app/distv1.8.5/725.bundle.js",
        "app/distv1.8.5/7372.bundle.js",
        "app/distv1.8.5/7372.bundle.js.LICENSE.txt",
        "app/distv1.8.5/7428.bundle.js",
        "app/distv1.8.5/7428.bundle.js.LICENSE.txt",
        "app/distv1.8.5/7483.bundle.js",
        "app/distv1.8.5/7486.bundle.js",
        "app/distv1.8.5/7821.bundle.js",
        "app/distv1.8.5/8348.bundle.js",
        "app/distv1.8.5/8367.bundle.js",
        "app/distv1.8.5/8642.bundle.js",
        "app/distv1.8.5/8642.bundle.js.LICENSE.txt",
        "app/distv1.8.5/8664.bundle.js",
        "app/distv1.8.5/8706.bundle.js",
        "app/distv1.8.5/8747.bundle.js",
        "app/distv1.8.5/8773.bundle.js",
        "app/distv1.8.5/8789.bundle.js",
        "app/distv1.8.5/8797.bundle.js",
        "app/distv1.8.5/8797.bundle.js.LICENSE.txt",
        "app/distv1.8.5/8863.bundle.js",
        "app/distv1.8.5/8890.bundle.js",
        "app/distv1.8.5/9035.bundle.js",
        "app/distv1.8.5/9071.bundle.js",
        "app/distv1.8.5/9089.bundle.js",
        "app/distv1.8.5/9140.bundle.js",
        "app/distv1.8.5/9140.bundle.js.LICENSE.txt",
        "app/distv1.8.5/9179.bundle.js",
        "app/distv1.8.5/9649.bundle.js",
        "app/distv1.8.5/9675.bundle.js",
        "app/distv1.8.5/972.bundle.js",
        "app/distv1.8.5/bundle.js",
        "app/distv1.8.5/bundle.js.LICENSE.txt",
        "app/service-worker.js"
    ],
    "rename": {
        "app/assets/css/distv1.8.4/more-styles.css": "app/assets/css/distv1.8.5/more-styles.css",
        "app/assets/css/distv1.8.4/style.css": "app/assets/css/distv1.8.5/style.css",
        "app/distv1.8.4/1066.bundle.js": "app/distv1.8.5/1066.bundle.js",
        "app/distv1.8.4/1140.bundle.js": "app/distv1.8.5/1140.bundle.js",
        "app/distv1.8.4/1278.bundle.js": "app/distv1.8.5/1278.bundle.js",
        "app/distv1.8.4/1283.bundle.js": "app/distv1.8.5/1283.bundle.js",
        "app/distv1.8.4/1435.bundle.js": "app/distv1.8.5/1435.bundle.js",
        "app/distv1.8.4/1652.bundle.js": "app/distv1.8.5/1652.bundle.js",
        "app/distv1.8.4/1653.bundle.js": "app/distv1.8.5/1653.bundle.js",
        "app/distv1.8.4/1684.bundle.js": "app/distv1.8.5/1684.bundle.js",
        "app/distv1.8.4/1684.bundle.js.LICENSE.txt": "app/distv1.8.5/1684.bundle.js.LICENSE.txt",
        "app/distv1.8.4/1694.bundle.js": "app/distv1.8.5/1694.bundle.js",
        "app/distv1.8.4/1757.bundle.js": "app/distv1.8.5/1757.bundle.js",
        "app/distv1.8.4/1817.bundle.js": "app/distv1.8.5/1817.bundle.js",
        "app/distv1.8.4/1817.bundle.js.LICENSE.txt": "app/distv1.8.5/1817.bundle.js.LICENSE.txt",
        "app/distv1.8.4/1956.bundle.js": "app/distv1.8.5/1956.bundle.js",
        "app/distv1.8.4/2022.bundle.js": "app/distv1.8.5/2022.bundle.js",
        "app/distv1.8.4/2170.bundle.js": "app/distv1.8.5/2170.bundle.js",
        "app/distv1.8.4/2452.bundle.js": "app/distv1.8.5/2452.bundle.js",
        "app/distv1.8.4/2528.bundle.js": "app/distv1.8.5/2528.bundle.js",
        "app/distv1.8.4/2528.bundle.js.LICENSE.txt": "app/distv1.8.5/2528.bundle.js.LICENSE.txt",
        "app/distv1.8.4/2551.bundle.js": "app/distv1.8.5/2551.bundle.js",
        "app/distv1.8.4/2648.bundle.js": "app/distv1.8.5/2648.bundle.js",
        "app/distv1.8.4/2691.bundle.js": "app/distv1.8.5/2691.bundle.js",
        "app/distv1.8.4/2718.bundle.js": "app/distv1.8.5/2718.bundle.js",
        "app/distv1.8.4/3033.bundle.js": "app/distv1.8.5/3033.bundle.js",
        "app/distv1.8.4/3192.bundle.js": "app/distv1.8.5/3192.bundle.js",
        "app/distv1.8.4/3192.bundle.js.LICENSE.txt": "app/distv1.8.5/3192.bundle.js.LICENSE.txt",
        "app/distv1.8.4/3253.bundle.js": "app/distv1.8.5/3253.bundle.js",
        "app/distv1.8.4/3253.bundle.js.LICENSE.txt": "app/distv1.8.5/3253.bundle.js.LICENSE.txt",
        "app/distv1.8.4/3284.bundle.js": "app/distv1.8.5/3284.bundle.js",
        "app/distv1.8.4/3296.bundle.js": "app/distv1.8.5/3296.bundle.js",
        "app/distv1.8.4/3414.bundle.js.LICENSE.txt": "app/distv1.8.5/3414.bundle.js.LICENSE.txt",
        "app/distv1.8.4/350.bundle.js": "app/distv1.8.5/350.bundle.js",
        "app/distv1.8.4/3633.bundle.js": "app/distv1.8.5/3633.bundle.js",
        "app/distv1.8.4/3706.bundle.js": "app/distv1.8.5/3706.bundle.js",
        "app/distv1.8.4/3750.bundle.js": "app/distv1.8.5/3750.bundle.js",
        "app/distv1.8.4/3782.bundle.js": "app/distv1.8.5/3782.bundle.js",
        "app/distv1.8.4/3798.bundle.js": "app/distv1.8.5/3798.bundle.js",
        "app/distv1.8.4/380.bundle.js": "app/distv1.8.5/380.bundle.js",
        "app/distv1.8.4/4186.bundle.js": "app/distv1.8.5/4186.bundle.js",
        "app/distv1.8.4/4509.bundle.js": "app/distv1.8.5/4509.bundle.js",
        "app/distv1.8.4/4565.bundle.js": "app/distv1.8.5/4565.bundle.js",
        "app/distv1.8.4/4565.bundle.js.LICENSE.txt": "app/distv1.8.5/4565.bundle.js.LICENSE.txt",
        "app/distv1.8.4/4587.bundle.js": "app/distv1.8.5/4587.bundle.js",
        "app/distv1.8.4/4815.bundle.js": "app/distv1.8.5/4815.bundle.js",
        "app/distv1.8.4/4826.bundle.js": "app/distv1.8.5/4826.bundle.js",
        "app/distv1.8.4/488.bundle.js": "app/distv1.8.5/488.bundle.js",
        "app/distv1.8.4/488.bundle.js.LICENSE.txt": "app/distv1.8.5/488.bundle.js.LICENSE.txt",
        "app/distv1.8.4/4921.bundle.js": "app/distv1.8.5/4921.bundle.js",
        "app/distv1.8.4/4932.bundle.js": "app/distv1.8.5/4932.bundle.js",
        "app/distv1.8.4/4932.bundle.js.LICENSE.txt": "app/distv1.8.5/4932.bundle.js.LICENSE.txt",
        "app/distv1.8.4/4977.bundle.js": "app/distv1.8.5/4977.bundle.js",
        "app/distv1.8.4/5145.bundle.js": "app/distv1.8.5/5145.bundle.js",
        "app/distv1.8.4/5165.bundle.js": "app/distv1.8.5/5165.bundle.js",
        "app/distv1.8.4/5166.bundle.js": "app/distv1.8.5/5166.bundle.js",
        "app/distv1.8.4/5289.bundle.js": "app/distv1.8.5/5289.bundle.js",
        "app/distv1.8.4/5301.bundle.js": "app/distv1.8.5/5301.bundle.js",
        "app/distv1.8.4/5344.bundle.js": "app/distv1.8.5/5344.bundle.js",
        "app/distv1.8.4/5344.bundle.js.LICENSE.txt": "app/distv1.8.5/5344.bundle.js.LICENSE.txt",
        "app/distv1.8.4/5410.bundle.js": "app/distv1.8.5/5410.bundle.js",
        "app/distv1.8.4/5482.bundle.js": "app/distv1.8.5/5482.bundle.js",
        "app/distv1.8.4/5529.bundle.js": "app/distv1.8.5/5529.bundle.js",
        "app/distv1.8.4/5529.bundle.js.LICENSE.txt": "app/distv1.8.5/5529.bundle.js.LICENSE.txt",
        "app/distv1.8.4/5616.bundle.js": "app/distv1.8.5/5616.bundle.js",
        "app/distv1.8.4/5616.bundle.js.LICENSE.txt": "app/distv1.8.5/5616.bundle.js.LICENSE.txt",
        "app/distv1.8.4/5692.bundle.js": "app/distv1.8.5/5692.bundle.js",
        "app/distv1.8.4/5716.bundle.js": "app/distv1.8.5/5716.bundle.js",
        "app/distv1.8.4/5716.bundle.js.LICENSE.txt": "app/distv1.8.5/5716.bundle.js.LICENSE.txt",
        "app/distv1.8.4/608.bundle.js": "app/distv1.8.5/608.bundle.js",
        "app/distv1.8.4/6161.bundle.js": "app/distv1.8.5/6161.bundle.js",
        "app/distv1.8.4/6183.bundle.js": "app/distv1.8.5/6183.bundle.js",
        "app/distv1.8.4/6225.bundle.js": "app/distv1.8.5/6225.bundle.js",
        "app/distv1.8.4/6261.bundle.js": "app/distv1.8.5/6261.bundle.js",
        "app/distv1.8.4/6402.bundle.js": "app/distv1.8.5/6402.bundle.js",
        "app/distv1.8.4/6548.bundle.js": "app/distv1.8.5/6548.bundle.js",
        "app/distv1.8.4/667.bundle.js": "app/distv1.8.5/667.bundle.js",
        "app/distv1.8.4/6675.bundle.js": "app/distv1.8.5/6675.bundle.js",
        "app/distv1.8.4/6778.bundle.js": "app/distv1.8.5/6778.bundle.js",
        "app/distv1.8.4/6778.bundle.js.LICENSE.txt": "app/distv1.8.5/6778.bundle.js.LICENSE.txt",
        "app/distv1.8.4/691.bundle.js": "app/distv1.8.5/691.bundle.js",
        "app/distv1.8.4/6984.bundle.js": "app/distv1.8.5/6984.bundle.js",
        "app/distv1.8.4/7123.bundle.js": "app/distv1.8.5/7123.bundle.js",
        "app/distv1.8.4/7145.bundle.js": "app/distv1.8.5/7145.bundle.js",
        "app/distv1.8.4/7206.bundle.js": "app/distv1.8.5/7206.bundle.js",
        "app/distv1.8.4/7214.bundle.js": "app/distv1.8.5/7214.bundle.js",
        "app/distv1.8.4/725.bundle.js": "app/distv1.8.5/725.bundle.js",
        "app/distv1.8.4/7372.bundle.js": "app/distv1.8.5/7372.bundle.js",
        "app/distv1.8.4/7372.bundle.js.LICENSE.txt": "app/distv1.8.5/7372.bundle.js.LICENSE.txt",
        "app/distv1.8.4/7428.bundle.js": "app/distv1.8.5/7428.bundle.js",
        "app/distv1.8.4/7428.bundle.js.LICENSE.txt": "app/distv1.8.5/7428.bundle.js.LICENSE.txt",
        "app/distv1.8.4/7483.bundle.js": "app/distv1.8.5/7483.bundle.js",
        "app/distv1.8.4/7486.bundle.js": "app/distv1.8.5/7486.bundle.js",
        "app/distv1.8.4/7821.bundle.js": "app/distv1.8.5/7821.bundle.js",
        "app/distv1.8.4/8348.bundle.js": "app/distv1.8.5/8348.bundle.js",
        "app/distv1.8.4/8367.bundle.js": "app/distv1.8.5/8367.bundle.js",
        "app/distv1.8.4/8642.bundle.js": "app/distv1.8.5/8642.bundle.js",
        "app/distv1.8.4/8642.bundle.js.LICENSE.txt": "app/distv1.8.5/8642.bundle.js.LICENSE.txt",
        "app/distv1.8.4/8664.bundle.js": "app/distv1.8.5/8664.bundle.js",
        "app/distv1.8.4/8706.bundle.js": "app/distv1.8.5/8706.bundle.js",
        "app/distv1.8.4/8747.bundle.js": "app/distv1.8.5/8747.bundle.js",
        "app/distv1.8.4/8773.bundle.js": "app/distv1.8.5/8773.bundle.js",
        "app/distv1.8.4/8789.bundle.js": "app/distv1.8.5/8789.bundle.js",
        "app/distv1.8.4/8797.bundle.js": "app/distv1.8.5/8797.bundle.js",
        "app/distv1.8.4/8797.bundle.js.LICENSE.txt": "app/distv1.8.5/8797.bundle.js.LICENSE.txt",
        "app/distv1.8.4/8863.bundle.js": "app/distv1.8.5/8863.bundle.js",
        "app/distv1.8.4/8890.bundle.js": "app/distv1.8.5/8890.bundle.js",
        "app/distv1.8.4/9035.bundle.js": "app/distv1.8.5/9035.bundle.js",
        "app/distv1.8.4/9071.bundle.js": "app/distv1.8.5/9071.bundle.js",
        "app/distv1.8.4/9089.bundle.js": "app/distv1.8.5/9089.bundle.js",
        "app/distv1.8.4/9140.bundle.js": "app/distv1.8.5/9140.bundle.js",
        "app/distv1.8.4/9140.bundle.js.LICENSE.txt": "app/distv1.8.5/9140.bundle.js.LICENSE.txt",
        "app/distv1.8.4/9179.bundle.js": "app/distv1.8.5/9179.bundle.js",
        "app/distv1.8.4/9649.bundle.js": "app/distv1.8.5/9649.bundle.js",
        "app/distv1.8.4/9675.bundle.js": "app/distv1.8.5/9675.bundle.js",
        "app/distv1.8.4/bundle.js": "app/distv1.8.5/bundle.js",
        "app/distv1.8.4/bundle.js.LICENSE.txt": "app/distv1.8.5/bundle.js.LICENSE.txt"
    },
    "delete": [
        "app/backend/update_curl.log",
        "app/distv1.8.4/3414.bundle.js",
        "app/distv1.8.4/972.bundle.js"
    ],
    "generated_at": "2025-09-10T14:51:13+02:00"
}