{
    "version": "1.0.7",
    "changelog": "Minor Bug fix.",
    "files": [
        "assets/css/distv1.0.7/more-styles.css",
        "assets/css/distv1.0.7/style.css",
        "backend/services/UpdateService.php",
        "backend/version.txt",
        "distv1.0.7/1066.bundle.js",
        "distv1.0.7/1140.bundle.js",
        "distv1.0.7/1278.bundle.js",
        "distv1.0.7/1283.bundle.js",
        "distv1.0.7/1435.bundle.js",
        "distv1.0.7/1652.bundle.js",
        "distv1.0.7/1653.bundle.js",
        "distv1.0.7/1684.bundle.js",
        "distv1.0.7/1684.bundle.js.LICENSE.txt",
        "distv1.0.7/1694.bundle.js",
        "distv1.0.7/1757.bundle.js",
        "distv1.0.7/1817.bundle.js",
        "distv1.0.7/1817.bundle.js.LICENSE.txt",
        "distv1.0.7/1837.bundle.js",
        "distv1.0.7/1837.bundle.js.LICENSE.txt",
        "distv1.0.7/1956.bundle.js",
        "distv1.0.7/2022.bundle.js",
        "distv1.0.7/2170.bundle.js",
        "distv1.0.7/2528.bundle.js",
        "distv1.0.7/2528.bundle.js.LICENSE.txt",
        "distv1.0.7/2551.bundle.js",
        "distv1.0.7/2648.bundle.js",
        "distv1.0.7/2691.bundle.js",
        "distv1.0.7/2718.bundle.js",
        "distv1.0.7/3033.bundle.js",
        "distv1.0.7/3192.bundle.js",
        "distv1.0.7/3192.bundle.js.LICENSE.txt",
        "distv1.0.7/3253.bundle.js",
        "distv1.0.7/3253.bundle.js.LICENSE.txt",
        "distv1.0.7/3284.bundle.js",
        "distv1.0.7/3296.bundle.js",
        "distv1.0.7/3414.bundle.js",
        "distv1.0.7/3414.bundle.js.LICENSE.txt",
        "distv1.0.7/350.bundle.js",
        "distv1.0.7/3633.bundle.js",
        "distv1.0.7/3706.bundle.js",
        "distv1.0.7/3750.bundle.js",
        "distv1.0.7/3782.bundle.js",
        "distv1.0.7/3798.bundle.js",
        "distv1.0.7/380.bundle.js",
        "distv1.0.7/4186.bundle.js",
        "distv1.0.7/4509.bundle.js",
        "distv1.0.7/4587.bundle.js",
        "distv1.0.7/4815.bundle.js",
        "distv1.0.7/4826.bundle.js",
        "distv1.0.7/488.bundle.js",
        "distv1.0.7/488.bundle.js.LICENSE.txt",
        "distv1.0.7/4921.bundle.js",
        "distv1.0.7/4932.bundle.js",
        "distv1.0.7/4932.bundle.js.LICENSE.txt",
        "distv1.0.7/4977.bundle.js",
        "distv1.0.7/5145.bundle.js",
        "distv1.0.7/5165.bundle.js",
        "distv1.0.7/5166.bundle.js",
        "distv1.0.7/5289.bundle.js",
        "distv1.0.7/5301.bundle.js",
        "distv1.0.7/5344.bundle.js",
        "distv1.0.7/5344.bundle.js.LICENSE.txt",
        "distv1.0.7/5410.bundle.js",
        "distv1.0.7/5482.bundle.js",
        "distv1.0.7/5529.bundle.js",
        "distv1.0.7/5529.bundle.js.LICENSE.txt",
        "distv1.0.7/5616.bundle.js",
        "distv1.0.7/5616.bundle.js.LICENSE.txt",
        "distv1.0.7/5692.bundle.js",
        "distv1.0.7/5716.bundle.js",
        "distv1.0.7/5716.bundle.js.LICENSE.txt",
        "distv1.0.7/608.bundle.js",
        "distv1.0.7/6161.bundle.js",
        "distv1.0.7/6183.bundle.js",
        "distv1.0.7/6225.bundle.js",
        "distv1.0.7/6261.bundle.js",
        "distv1.0.7/6402.bundle.js",
        "distv1.0.7/6548.bundle.js",
        "distv1.0.7/667.bundle.js",
        "distv1.0.7/6675.bundle.js",
        "distv1.0.7/6778.bundle.js",
        "distv1.0.7/6778.bundle.js.LICENSE.txt",
        "distv1.0.7/691.bundle.js",
        "distv1.0.7/6984.bundle.js",
        "distv1.0.7/7123.bundle.js",
        "distv1.0.7/7145.bundle.js",
        "distv1.0.7/7206.bundle.js",
        "distv1.0.7/7214.bundle.js",
        "distv1.0.7/725.bundle.js",
        "distv1.0.7/7292.bundle.js",
        "distv1.0.7/7372.bundle.js",
        "distv1.0.7/7372.bundle.js.LICENSE.txt",
        "distv1.0.7/7428.bundle.js",
        "distv1.0.7/7428.bundle.js.LICENSE.txt",
        "distv1.0.7/7483.bundle.js",
        "distv1.0.7/7486.bundle.js",
        "distv1.0.7/7821.bundle.js",
        "distv1.0.7/8348.bundle.js",
        "distv1.0.7/8367.bundle.js",
        "distv1.0.7/8642.bundle.js",
        "distv1.0.7/8642.bundle.js.LICENSE.txt",
        "distv1.0.7/8664.bundle.js",
        "distv1.0.7/8706.bundle.js",
        "distv1.0.7/8747.bundle.js",
        "distv1.0.7/8773.bundle.js",
        "distv1.0.7/8789.bundle.js",
        "distv1.0.7/8797.bundle.js",
        "distv1.0.7/8797.bundle.js.LICENSE.txt",
        "distv1.0.7/8863.bundle.js",
        "distv1.0.7/8890.bundle.js",
        "distv1.0.7/9035.bundle.js",
        "distv1.0.7/9071.bundle.js",
        "distv1.0.7/9089.bundle.js",
        "distv1.0.7/9140.bundle.js",
        "distv1.0.7/9140.bundle.js.LICENSE.txt",
        "distv1.0.7/9179.bundle.js",
        "distv1.0.7/9314.bundle.js",
        "distv1.0.7/9314.bundle.js.LICENSE.txt",
        "distv1.0.7/9649.bundle.js",
        "distv1.0.7/9675.bundle.js",
        "distv1.0.7/972.bundle.js",
        "distv1.0.7/bundle.js",
        "distv1.0.7/bundle.js.LICENSE.txt",
        "service-worker.js"
    ],
    "rename": {
        "assets/css/distv1.0.5/more-styles.css": "assets/css/distv1.0.7/more-styles.css",
        "assets/css/distv1.0.5/style.css": "assets/css/distv1.0.7/style.css"
    },
    "delete": [
        "backend/update_curl.log"
    ],
    "generated_at": "2025-07-28T18:10:15+02:00"
}